paper_id,doi,title,field,coded_value,source_quotation,source_location
W001,10.1145/3242969.3242985,"Introducing WESAD, a Multimodal Dataset for Wearable Stress and Affect Detection",window_seconds,60,"[Dataset] ""The remaining 15 subjects had a mean age of 27.5 ± 2.4 years."" [Protocol] ""The goal of the study was to elicit three different affective states (neutral, stress, amusement) in the participants."" ""All features (except for statistical- and frequency-domain EMG-features, see below) based on physiological signals were computed with a window size of 60 seconds."" ""Segmentation of the (preprocessed) sensor signals was done using a sliding window, with a window shift of 0.25 seconds."" [Evaluation] ""All models were evaluated using the leave-one-subject-out (LOSO) cross-validation (CV) procedure."" [Results] ""80.34 % (three-class problem, using all chest-based physiological modalities, AB classifier)""","Dataset/Methods §§3.3, 4.1, 4.3; Results §5"
W001,10.1145/3242969.3242985,"Introducing WESAD, a Multimodal Dataset for Wearable Stress and Affect Detection",hop_seconds,0.25,"[Dataset] ""The remaining 15 subjects had a mean age of 27.5 ± 2.4 years."" [Protocol] ""The goal of the study was to elicit three different affective states (neutral, stress, amusement) in the participants."" ""All features (except for statistical- and frequency-domain EMG-features, see below) based on physiological signals were computed with a window size of 60 seconds."" ""Segmentation of the (preprocessed) sensor signals was done using a sliding window, with a window shift of 0.25 seconds."" [Evaluation] ""All models were evaluated using the leave-one-subject-out (LOSO) cross-validation (CV) procedure."" [Results] ""80.34 % (three-class problem, using all chest-based physiological modalities, AB classifier)""","Dataset/Methods §§3.3, 4.1, 4.3; Results §5"
W001,10.1145/3242969.3242985,"Introducing WESAD, a Multimodal Dataset for Wearable Stress and Affect Detection",split_type,loso,"[Dataset] ""The remaining 15 subjects had a mean age of 27.5 ± 2.4 years."" [Protocol] ""The goal of the study was to elicit three different affective states (neutral, stress, amusement) in the participants."" ""All features (except for statistical- and frequency-domain EMG-features, see below) based on physiological signals were computed with a window size of 60 seconds."" ""Segmentation of the (preprocessed) sensor signals was done using a sliding window, with a window shift of 0.25 seconds."" [Evaluation] ""All models were evaluated using the leave-one-subject-out (LOSO) cross-validation (CV) procedure."" [Results] ""80.34 % (three-class problem, using all chest-based physiological modalities, AB classifier)""","Dataset/Methods §§3.3, 4.1, 4.3; Results §5"
W002,10.1109/icirca48905.2020.9183244,Stress Detection with Machine Learning and Deep Learning using Multimodal Physiological Data,window_seconds,1,"[hop_seconds] ""A sliding window having a shift of 1 second was used for segmenting all sensor signals.""; [window_seconds] ""for a window of 1 second.""; [split_type,metric_aggregation] ""Therefore, the leave-one-subject-out (LOSO) cross-validation procedure was used for evaluation of all the models, and the ﬁnal accuracy is reported as the mean of all the testing accuracies when one subject is left for testing in LOSO cross-validation and trained on all other subjects.""; [n_subjects_used,sensor_location] ""This multimodal dataset is the collection of motion data and physiological fea- tures of 15 subjects from both a chest-worn device RespiBAN Professional and a wrist-worn device Empatica E4.""; [feature_type,modalities] ""Different modalities from the WESAD dataset were used for feature extraction and these features are displayed in Table I. These features are the subset of features described in [1]. Various statistical features, e.g., the standard deviation, mean, minimum, and maximum value, were computed on the raw ACC signal, for each axis separately (i ∈x,y,z) along with summing up for all axes (3D) as absolute magnitudes. On raw ECG, BVP, RESP, and TEMP signals statistical features like the mean, standard deviation, minimum, and maximum value were computed. Besides, the peak frequency of BVP TABLE II LIST OF EXTRACTED FEATURES FROM WESAD DATASET. Modality Features Description ACC µACC,i, σACC,i minACC,i, maxACC,i i ∈{x, y, z, 3D} Mean, standard deviation, minimum and maximum value for each axis separately and summed over all axes ECG µECG, σECG minECG, maxECG Mean, standard deviation, minimum and maximum value of the ECG BVP µBV P , σBV P minBV P , maxBV P , f peak BV P Mean, standard deviation, minimum, maximum and peak frequency of the BVP EDA µi, σi, mini, maxi i ∈{EDA, phasic, tonic, smna} Mean, standard deviation, minimum, maximum value of the EDA signal, SCR/SCL and sparse SMNA driver of phasic component EMG µEMG, σEMG minEMG, maxEMG, f peak EMG Mean, standard deviation, minimum, maximum and peak frequency of the EMG RESP µRESP , σRESP minRESP , maxRESP Mean, standard deviation, minimum and maximum value of the RESP TEMP µT EMP , σT EMP minT EMP , maxT EMP , δT EMP Mean, standard deviation, minimum, maximum and slope of the TEMP and slope of the signal δT EMP are used as features. The raw EDA signal was passed through a low pass ﬁlter with an order of 5 Hz, and then statistical features like standard deviation, mean, minimum, and maximum value were computed [1].""; [model_family,task_n_classes,class_definition] ""Six machine learning (Random Forest, Decision Tree, Ad- aBoost, k-Nearest Neighbour, Linear Discriminant Analysis and Kernel Support Vector Machine) and a deep learning artiﬁcial neural network (ANN) were used and their perfor- mance was compared. The extracted features, detailed above, are preprocessed according to suitability to the classiﬁcation algorithms. Two types of classiﬁcations are used-three class and binary classiﬁcation. Three class classiﬁcation is deﬁned as classifying an individual as amused, normal or stressed state, whereas, binary classiﬁcation is deﬁned as classifying an individual as either stressed or unstressed.""; [metric_name] ""F1-score (with macro averaging) and accuracy are used as evaluation metrics from sci-kit learn’s metrics.""",§III-A (PDF p. 4); §III-B (PDF p. 5); §III-B Preprocessings and Classification Algorithms (PDF p. 6)
W002,10.1109/icirca48905.2020.9183244,Stress Detection with Machine Learning and Deep Learning using Multimodal Physiological Data,hop_seconds,1,"[hop_seconds] ""A sliding window having a shift of 1 second was used for segmenting all sensor signals.""; [window_seconds] ""for a window of 1 second.""; [split_type,metric_aggregation] ""Therefore, the leave-one-subject-out (LOSO) cross-validation procedure was used for evaluation of all the models, and the ﬁnal accuracy is reported as the mean of all the testing accuracies when one subject is left for testing in LOSO cross-validation and trained on all other subjects.""; [n_subjects_used,sensor_location] ""This multimodal dataset is the collection of motion data and physiological fea- tures of 15 subjects from both a chest-worn device RespiBAN Professional and a wrist-worn device Empatica E4.""; [feature_type,modalities] ""Different modalities from the WESAD dataset were used for feature extraction and these features are displayed in Table I. These features are the subset of features described in [1]. Various statistical features, e.g., the standard deviation, mean, minimum, and maximum value, were computed on the raw ACC signal, for each axis separately (i ∈x,y,z) along with summing up for all axes (3D) as absolute magnitudes. On raw ECG, BVP, RESP, and TEMP signals statistical features like the mean, standard deviation, minimum, and maximum value were computed. Besides, the peak frequency of BVP TABLE II LIST OF EXTRACTED FEATURES FROM WESAD DATASET. Modality Features Description ACC µACC,i, σACC,i minACC,i, maxACC,i i ∈{x, y, z, 3D} Mean, standard deviation, minimum and maximum value for each axis separately and summed over all axes ECG µECG, σECG minECG, maxECG Mean, standard deviation, minimum and maximum value of the ECG BVP µBV P , σBV P minBV P , maxBV P , f peak BV P Mean, standard deviation, minimum, maximum and peak frequency of the BVP EDA µi, σi, mini, maxi i ∈{EDA, phasic, tonic, smna} Mean, standard deviation, minimum, maximum value of the EDA signal, SCR/SCL and sparse SMNA driver of phasic component EMG µEMG, σEMG minEMG, maxEMG, f peak EMG Mean, standard deviation, minimum, maximum and peak frequency of the EMG RESP µRESP , σRESP minRESP , maxRESP Mean, standard deviation, minimum and maximum value of the RESP TEMP µT EMP , σT EMP minT EMP , maxT EMP , δT EMP Mean, standard deviation, minimum, maximum and slope of the TEMP and slope of the signal δT EMP are used as features. The raw EDA signal was passed through a low pass ﬁlter with an order of 5 Hz, and then statistical features like standard deviation, mean, minimum, and maximum value were computed [1].""; [model_family,task_n_classes,class_definition] ""Six machine learning (Random Forest, Decision Tree, Ad- aBoost, k-Nearest Neighbour, Linear Discriminant Analysis and Kernel Support Vector Machine) and a deep learning artiﬁcial neural network (ANN) were used and their perfor- mance was compared. The extracted features, detailed above, are preprocessed according to suitability to the classiﬁcation algorithms. Two types of classiﬁcations are used-three class and binary classiﬁcation. Three class classiﬁcation is deﬁned as classifying an individual as amused, normal or stressed state, whereas, binary classiﬁcation is deﬁned as classifying an individual as either stressed or unstressed.""; [metric_name] ""F1-score (with macro averaging) and accuracy are used as evaluation metrics from sci-kit learn’s metrics.""",§III-A (PDF p. 4); §III-B (PDF p. 5); §III-B Preprocessings and Classification Algorithms (PDF p. 6)
W002,10.1109/icirca48905.2020.9183244,Stress Detection with Machine Learning and Deep Learning using Multimodal Physiological Data,split_type,loso,"[hop_seconds] ""A sliding window having a shift of 1 second was used for segmenting all sensor signals.""; [window_seconds] ""for a window of 1 second.""; [split_type,metric_aggregation] ""Therefore, the leave-one-subject-out (LOSO) cross-validation procedure was used for evaluation of all the models, and the ﬁnal accuracy is reported as the mean of all the testing accuracies when one subject is left for testing in LOSO cross-validation and trained on all other subjects.""; [n_subjects_used,sensor_location] ""This multimodal dataset is the collection of motion data and physiological fea- tures of 15 subjects from both a chest-worn device RespiBAN Professional and a wrist-worn device Empatica E4.""; [feature_type,modalities] ""Different modalities from the WESAD dataset were used for feature extraction and these features are displayed in Table I. These features are the subset of features described in [1]. Various statistical features, e.g., the standard deviation, mean, minimum, and maximum value, were computed on the raw ACC signal, for each axis separately (i ∈x,y,z) along with summing up for all axes (3D) as absolute magnitudes. On raw ECG, BVP, RESP, and TEMP signals statistical features like the mean, standard deviation, minimum, and maximum value were computed. Besides, the peak frequency of BVP TABLE II LIST OF EXTRACTED FEATURES FROM WESAD DATASET. Modality Features Description ACC µACC,i, σACC,i minACC,i, maxACC,i i ∈{x, y, z, 3D} Mean, standard deviation, minimum and maximum value for each axis separately and summed over all axes ECG µECG, σECG minECG, maxECG Mean, standard deviation, minimum and maximum value of the ECG BVP µBV P , σBV P minBV P , maxBV P , f peak BV P Mean, standard deviation, minimum, maximum and peak frequency of the BVP EDA µi, σi, mini, maxi i ∈{EDA, phasic, tonic, smna} Mean, standard deviation, minimum, maximum value of the EDA signal, SCR/SCL and sparse SMNA driver of phasic component EMG µEMG, σEMG minEMG, maxEMG, f peak EMG Mean, standard deviation, minimum, maximum and peak frequency of the EMG RESP µRESP , σRESP minRESP , maxRESP Mean, standard deviation, minimum and maximum value of the RESP TEMP µT EMP , σT EMP minT EMP , maxT EMP , δT EMP Mean, standard deviation, minimum, maximum and slope of the TEMP and slope of the signal δT EMP are used as features. The raw EDA signal was passed through a low pass ﬁlter with an order of 5 Hz, and then statistical features like standard deviation, mean, minimum, and maximum value were computed [1].""; [model_family,task_n_classes,class_definition] ""Six machine learning (Random Forest, Decision Tree, Ad- aBoost, k-Nearest Neighbour, Linear Discriminant Analysis and Kernel Support Vector Machine) and a deep learning artiﬁcial neural network (ANN) were used and their perfor- mance was compared. The extracted features, detailed above, are preprocessed according to suitability to the classiﬁcation algorithms. Two types of classiﬁcations are used-three class and binary classiﬁcation. Three class classiﬁcation is deﬁned as classifying an individual as amused, normal or stressed state, whereas, binary classiﬁcation is deﬁned as classifying an individual as either stressed or unstressed.""; [metric_name] ""F1-score (with macro averaging) and accuracy are used as evaluation metrics from sci-kit learn’s metrics.""",§III-A (PDF p. 4); §III-B (PDF p. 5); §III-B Preprocessings and Classification Algorithms (PDF p. 6)
W002,10.1109/icirca48905.2020.9183244,Stress Detection with Machine Learning and Deep Learning using Multimodal Physiological Data,metric_aggregation,mean across held-out subjects,"[hop_seconds] ""A sliding window having a shift of 1 second was used for segmenting all sensor signals.""; [window_seconds] ""for a window of 1 second.""; [split_type,metric_aggregation] ""Therefore, the leave-one-subject-out (LOSO) cross-validation procedure was used for evaluation of all the models, and the ﬁnal accuracy is reported as the mean of all the testing accuracies when one subject is left for testing in LOSO cross-validation and trained on all other subjects.""; [n_subjects_used,sensor_location] ""This multimodal dataset is the collection of motion data and physiological fea- tures of 15 subjects from both a chest-worn device RespiBAN Professional and a wrist-worn device Empatica E4.""; [feature_type,modalities] ""Different modalities from the WESAD dataset were used for feature extraction and these features are displayed in Table I. These features are the subset of features described in [1]. Various statistical features, e.g., the standard deviation, mean, minimum, and maximum value, were computed on the raw ACC signal, for each axis separately (i ∈x,y,z) along with summing up for all axes (3D) as absolute magnitudes. On raw ECG, BVP, RESP, and TEMP signals statistical features like the mean, standard deviation, minimum, and maximum value were computed. Besides, the peak frequency of BVP TABLE II LIST OF EXTRACTED FEATURES FROM WESAD DATASET. Modality Features Description ACC µACC,i, σACC,i minACC,i, maxACC,i i ∈{x, y, z, 3D} Mean, standard deviation, minimum and maximum value for each axis separately and summed over all axes ECG µECG, σECG minECG, maxECG Mean, standard deviation, minimum and maximum value of the ECG BVP µBV P , σBV P minBV P , maxBV P , f peak BV P Mean, standard deviation, minimum, maximum and peak frequency of the BVP EDA µi, σi, mini, maxi i ∈{EDA, phasic, tonic, smna} Mean, standard deviation, minimum, maximum value of the EDA signal, SCR/SCL and sparse SMNA driver of phasic component EMG µEMG, σEMG minEMG, maxEMG, f peak EMG Mean, standard deviation, minimum, maximum and peak frequency of the EMG RESP µRESP , σRESP minRESP , maxRESP Mean, standard deviation, minimum and maximum value of the RESP TEMP µT EMP , σT EMP minT EMP , maxT EMP , δT EMP Mean, standard deviation, minimum, maximum and slope of the TEMP and slope of the signal δT EMP are used as features. The raw EDA signal was passed through a low pass ﬁlter with an order of 5 Hz, and then statistical features like standard deviation, mean, minimum, and maximum value were computed [1].""; [model_family,task_n_classes,class_definition] ""Six machine learning (Random Forest, Decision Tree, Ad- aBoost, k-Nearest Neighbour, Linear Discriminant Analysis and Kernel Support Vector Machine) and a deep learning artiﬁcial neural network (ANN) were used and their perfor- mance was compared. The extracted features, detailed above, are preprocessed according to suitability to the classiﬁcation algorithms. Two types of classiﬁcations are used-three class and binary classiﬁcation. Three class classiﬁcation is deﬁned as classifying an individual as amused, normal or stressed state, whereas, binary classiﬁcation is deﬁned as classifying an individual as either stressed or unstressed.""; [metric_name] ""F1-score (with macro averaging) and accuracy are used as evaluation metrics from sci-kit learn’s metrics.""",§III-A (PDF p. 4); §III-B (PDF p. 5); §III-B Preprocessings and Classification Algorithms (PDF p. 6)
W003,10.1145/3397482.3450732,Stress Detection by Machine Learning and Wearable Sensors,window_seconds,10,"[window_seconds,window_overlap_pct] ""The preprocessed data was segmented using a sliding window algorithm with 10 seconds, without overlapping for all the sensor signals except ACC.""; [split_type,n_test_subjects] ""The feature dataset was further split into training and testing using leave-one-participant-out cross-validation, i.e., data from one participant was used for testing the model and the data from all remaining participants were used for training the model. After splitting""; [metric_aggregation] ""the final accuracy is reported as the mean of all the testing accuracies where one participant is left out for testing and others for training in each iteration.""; [n_subjects_used] ""This dataset is a collection of motion data and physiological data from 15 partici- pants.""; [sensor_location] ""Since the combination of features from both devices does not make much difference, the chest data has been further used in this work.""; [modalities,feature_type] ""The statistical features – standard deviation, mean, minimum, and maximum values – were computed for each 10-second window on raw ECG, EMG, EDA, RESP, and TEMP sig- nals.""; [model_family,task_n_classes,class_definition] ""Five machine learning algorithms (Random Forest, k-Nearest Neigh- bor, Linear Discriminant Analysis, AdaBoost and Support Vector Machine) were used and their performances were compared. Two types of classifications were performed: three-class (neutral vs. stress vs. amusement) and binary classification (stress vs. non- stress).""; [metric_name] ""Due to this imbalance in the dataset, accuracy is not chosen as the primary evaluation metric, whereas F1-score was used as the main eval- uation metric.""",§3.1 Data and Preprocessing (PDF p. 2); §3.2 Feature Extraction (PDF p. 2); §3.3 Classification (PDF p. 2); §3.4 Evaluation Metric (PDF p. 2)
W003,10.1145/3397482.3450732,Stress Detection by Machine Learning and Wearable Sensors,window_overlap_pct,0,"[window_seconds,window_overlap_pct] ""The preprocessed data was segmented using a sliding window algorithm with 10 seconds, without overlapping for all the sensor signals except ACC.""; [split_type,n_test_subjects] ""The feature dataset was further split into training and testing using leave-one-participant-out cross-validation, i.e., data from one participant was used for testing the model and the data from all remaining participants were used for training the model. After splitting""; [metric_aggregation] ""the final accuracy is reported as the mean of all the testing accuracies where one participant is left out for testing and others for training in each iteration.""; [n_subjects_used] ""This dataset is a collection of motion data and physiological data from 15 partici- pants.""; [sensor_location] ""Since the combination of features from both devices does not make much difference, the chest data has been further used in this work.""; [modalities,feature_type] ""The statistical features – standard deviation, mean, minimum, and maximum values – were computed for each 10-second window on raw ECG, EMG, EDA, RESP, and TEMP sig- nals.""; [model_family,task_n_classes,class_definition] ""Five machine learning algorithms (Random Forest, k-Nearest Neigh- bor, Linear Discriminant Analysis, AdaBoost and Support Vector Machine) were used and their performances were compared. Two types of classifications were performed: three-class (neutral vs. stress vs. amusement) and binary classification (stress vs. non- stress).""; [metric_name] ""Due to this imbalance in the dataset, accuracy is not chosen as the primary evaluation metric, whereas F1-score was used as the main eval- uation metric.""",§3.1 Data and Preprocessing (PDF p. 2); §3.2 Feature Extraction (PDF p. 2); §3.3 Classification (PDF p. 2); §3.4 Evaluation Metric (PDF p. 2)
W003,10.1145/3397482.3450732,Stress Detection by Machine Learning and Wearable Sensors,split_type,loso,"[window_seconds,window_overlap_pct] ""The preprocessed data was segmented using a sliding window algorithm with 10 seconds, without overlapping for all the sensor signals except ACC.""; [split_type,n_test_subjects] ""The feature dataset was further split into training and testing using leave-one-participant-out cross-validation, i.e., data from one participant was used for testing the model and the data from all remaining participants were used for training the model. After splitting""; [metric_aggregation] ""the final accuracy is reported as the mean of all the testing accuracies where one participant is left out for testing and others for training in each iteration.""; [n_subjects_used] ""This dataset is a collection of motion data and physiological data from 15 partici- pants.""; [sensor_location] ""Since the combination of features from both devices does not make much difference, the chest data has been further used in this work.""; [modalities,feature_type] ""The statistical features – standard deviation, mean, minimum, and maximum values – were computed for each 10-second window on raw ECG, EMG, EDA, RESP, and TEMP sig- nals.""; [model_family,task_n_classes,class_definition] ""Five machine learning algorithms (Random Forest, k-Nearest Neigh- bor, Linear Discriminant Analysis, AdaBoost and Support Vector Machine) were used and their performances were compared. Two types of classifications were performed: three-class (neutral vs. stress vs. amusement) and binary classification (stress vs. non- stress).""; [metric_name] ""Due to this imbalance in the dataset, accuracy is not chosen as the primary evaluation metric, whereas F1-score was used as the main eval- uation metric.""",§3.1 Data and Preprocessing (PDF p. 2); §3.2 Feature Extraction (PDF p. 2); §3.3 Classification (PDF p. 2); §3.4 Evaluation Metric (PDF p. 2)
W003,10.1145/3397482.3450732,Stress Detection by Machine Learning and Wearable Sensors,metric_aggregation,mean across held-out participants,"[window_seconds,window_overlap_pct] ""The preprocessed data was segmented using a sliding window algorithm with 10 seconds, without overlapping for all the sensor signals except ACC.""; [split_type,n_test_subjects] ""The feature dataset was further split into training and testing using leave-one-participant-out cross-validation, i.e., data from one participant was used for testing the model and the data from all remaining participants were used for training the model. After splitting""; [metric_aggregation] ""the final accuracy is reported as the mean of all the testing accuracies where one participant is left out for testing and others for training in each iteration.""; [n_subjects_used] ""This dataset is a collection of motion data and physiological data from 15 partici- pants.""; [sensor_location] ""Since the combination of features from both devices does not make much difference, the chest data has been further used in this work.""; [modalities,feature_type] ""The statistical features – standard deviation, mean, minimum, and maximum values – were computed for each 10-second window on raw ECG, EMG, EDA, RESP, and TEMP sig- nals.""; [model_family,task_n_classes,class_definition] ""Five machine learning algorithms (Random Forest, k-Nearest Neigh- bor, Linear Discriminant Analysis, AdaBoost and Support Vector Machine) were used and their performances were compared. Two types of classifications were performed: three-class (neutral vs. stress vs. amusement) and binary classification (stress vs. non- stress).""; [metric_name] ""Due to this imbalance in the dataset, accuracy is not chosen as the primary evaluation metric, whereas F1-score was used as the main eval- uation metric.""",§3.1 Data and Preprocessing (PDF p. 2); §3.2 Feature Extraction (PDF p. 2); §3.3 Classification (PDF p. 2); §3.4 Evaluation Metric (PDF p. 2)
W004,10.1109/sips47522.2019.9020321,Feature Selection Framework for XGBoost Based on Electrodermal Activity in Stress Detection,window_seconds,60,"[window_seconds,hop_seconds,n_subjects_used] ""We segment the samples with 60 seconds window size and overlap the window in 30 seconds, shifting in half proportion of each segments. Total 1041 segments are generated with 15 subjects.""; [split_type] ""We employ leave-one-subject-out as our cross-validation scheme, where the classiﬁcation models are trained using all data but a previously unseen subject which is used in testing.""; [window_overlap_pct] ""We segment the samples with 60 seconds window size and overlap the window in 30 seconds, shifting in half proportion of each segments.""; [modalities,sensor_location,feature_type] ""All EDA signals (chest and wrist) are processed into different signal representa- tion, such as time, frequency, entropy and wavelet domain.""; [model_family] ""we implement XGBoost as our clas- siﬁcation model to predict stress class because of its ability""; [task_n_classes,class_definition] ""Out of these segments, 70.1% belongs to the non- stress class and 29.9% represents the stress condition.""",§III-C Segmentation (PDF p. 3); §III-C Segmentation Dataset (PDF p. 3); §IV-C (PDF p. 4); §V Experiment Setup and Results (PDF p. 4); §V-A Classification Results: evaluation setup (PDF p. 5)
W004,10.1109/sips47522.2019.9020321,Feature Selection Framework for XGBoost Based on Electrodermal Activity in Stress Detection,hop_seconds,30,"[window_seconds,hop_seconds,n_subjects_used] ""We segment the samples with 60 seconds window size and overlap the window in 30 seconds, shifting in half proportion of each segments. Total 1041 segments are generated with 15 subjects.""; [split_type] ""We employ leave-one-subject-out as our cross-validation scheme, where the classiﬁcation models are trained using all data but a previously unseen subject which is used in testing.""; [window_overlap_pct] ""We segment the samples with 60 seconds window size and overlap the window in 30 seconds, shifting in half proportion of each segments.""; [modalities,sensor_location,feature_type] ""All EDA signals (chest and wrist) are processed into different signal representa- tion, such as time, frequency, entropy and wavelet domain.""; [model_family] ""we implement XGBoost as our clas- siﬁcation model to predict stress class because of its ability""; [task_n_classes,class_definition] ""Out of these segments, 70.1% belongs to the non- stress class and 29.9% represents the stress condition.""",§III-C Segmentation (PDF p. 3); §III-C Segmentation Dataset (PDF p. 3); §IV-C (PDF p. 4); §V Experiment Setup and Results (PDF p. 4); §V-A Classification Results: evaluation setup (PDF p. 5)
W004,10.1109/sips47522.2019.9020321,Feature Selection Framework for XGBoost Based on Electrodermal Activity in Stress Detection,window_overlap_pct,50,"[window_seconds,hop_seconds,n_subjects_used] ""We segment the samples with 60 seconds window size and overlap the window in 30 seconds, shifting in half proportion of each segments. Total 1041 segments are generated with 15 subjects.""; [split_type] ""We employ leave-one-subject-out as our cross-validation scheme, where the classiﬁcation models are trained using all data but a previously unseen subject which is used in testing.""; [window_overlap_pct] ""We segment the samples with 60 seconds window size and overlap the window in 30 seconds, shifting in half proportion of each segments.""; [modalities,sensor_location,feature_type] ""All EDA signals (chest and wrist) are processed into different signal representa- tion, such as time, frequency, entropy and wavelet domain.""; [model_family] ""we implement XGBoost as our clas- siﬁcation model to predict stress class because of its ability""; [task_n_classes,class_definition] ""Out of these segments, 70.1% belongs to the non- stress class and 29.9% represents the stress condition.""",§III-C Segmentation (PDF p. 3); §III-C Segmentation Dataset (PDF p. 3); §IV-C (PDF p. 4); §V Experiment Setup and Results (PDF p. 4); §V-A Classification Results: evaluation setup (PDF p. 5)
W004,10.1109/sips47522.2019.9020321,Feature Selection Framework for XGBoost Based on Electrodermal Activity in Stress Detection,split_type,loso,"[window_seconds,hop_seconds,n_subjects_used] ""We segment the samples with 60 seconds window size and overlap the window in 30 seconds, shifting in half proportion of each segments. Total 1041 segments are generated with 15 subjects.""; [split_type] ""We employ leave-one-subject-out as our cross-validation scheme, where the classiﬁcation models are trained using all data but a previously unseen subject which is used in testing.""; [window_overlap_pct] ""We segment the samples with 60 seconds window size and overlap the window in 30 seconds, shifting in half proportion of each segments.""; [modalities,sensor_location,feature_type] ""All EDA signals (chest and wrist) are processed into different signal representa- tion, such as time, frequency, entropy and wavelet domain.""; [model_family] ""we implement XGBoost as our clas- siﬁcation model to predict stress class because of its ability""; [task_n_classes,class_definition] ""Out of these segments, 70.1% belongs to the non- stress class and 29.9% represents the stress condition.""",§III-C Segmentation (PDF p. 3); §III-C Segmentation Dataset (PDF p. 3); §IV-C (PDF p. 4); §V Experiment Setup and Results (PDF p. 4); §V-A Classification Results: evaluation setup (PDF p. 5)
W005,10.1109/jiot.2023.3265768,Stress Detection Using Context-Aware Sensor Fusion From Wearable Devices,window_seconds,60,"[Dataset §V-A] ""The dataset contains data for a total of 15 subjects""; the chest sensors are ""ACC, ECG, RESP, EMG, EDA, TEMP"" and the wrist sensors are ""ACC BVP, EDA, TEMP"". The classes are ""(i) baseline (neutral), (ii) amusement, and (iii) stress""; for the 2-class problem, ""baseline and amusement are grouped together in the non-stress class"". [Methods §V-B.1] the signals are ""segmented by a window of 60 seconds of data with a sliding length of 5 seconds"". [Methods §V-B.3] the wrist branches use ""Random Forest (RF)"" and the chest branches use ""the AdaBoost classifier""; ""All classifiers are trained using leave-one-subject-out (LOSO) validation."" [Results §V-D] the method achieves ""86.34%"" wrist 3-class accuracy and ""94.12%"" wrist 2-class accuracy, and achieves ""86.19%"" chest 3-class and ""93.68%"" chest 2-class accuracy.
[Dataset §V-A] ""The dataset contains data for a total of 15 subjects""; the chest sensors are ""ACC, ECG, RESP, EMG, EDA, TEMP"" and the wrist sensors are ""ACC BVP, EDA, TEMP"". The classes are ""(i) baseline (neutral), (ii) amusement, and (iii) stress""; for the 2-class problem, ""baseline and amusement are grouped together in the non-stress class"". [Methods §V-B.1] the signals are ""segmented by a window of 60 seconds of data with a sliding length of 5 seconds"". [Methods §V-B.3] the wrist branches use ""Random Forest (RF)"" and the chest branches use ""the AdaBoost classifier""; ""All classifiers are trained using leave-one-subject-out (LOSO) validation."" [Results §V-D] the method achieves ""86.34%"" wrist 3-class accuracy and ""94.12%"" wrist 2-class accuracy, and achieves ""86.19%"" chest 3-class and ""93.68%"" chest 2-class accuracy.
[Dataset §V-A] ""The dataset contains data for a total of 15 subjects""; the chest sensors are ""ACC, ECG, RESP, EMG, EDA, TEMP"" and the wrist sensors are ""ACC BVP, EDA, TEMP"". The classes are ""(i) baseline (neutral), (ii) amusement, and (iii) stress""; for the 2-class problem, ""baseline and amusement are grouped together in the non-stress class"". [Methods §V-B.1] the signals are ""segmented by a window of 60 seconds of data with a sliding length of 5 seconds"". [Methods §V-B.3] the wrist branches use ""Random Forest (RF)"" and the chest branches use ""the AdaBoost classifier""; ""All classifiers are trained using leave-one-subject-out (LOSO) validation."" [Results §V-D] the method achieves ""86.34%"" wrist 3-class accuracy and ""94.12%"" wrist 2-class accuracy, and achieves ""86.19%"" chest 3-class and ""93.68%"" chest 2-class accuracy.
[Dataset §V-A] ""The dataset contains data for a total of 15 subjects""; the chest sensors are ""ACC, ECG, RESP, EMG, EDA, TEMP"" and the wrist sensors are ""ACC BVP, EDA, TEMP"". The classes are ""(i) baseline (neutral), (ii) amusement, and (iii) stress""; for the 2-class problem, ""baseline and amusement are grouped together in the non-stress class"". [Methods §V-B.1] the signals are ""segmented by a window of 60 seconds of data with a sliding length of 5 seconds"". [Methods §V-B.3] the wrist branches use ""Random Forest (RF)"" and the chest branches use ""the AdaBoost classifier""; ""All classifiers are trained using leave-one-subject-out (LOSO) validation."" [Results §V-D] the method achieves ""86.34%"" wrist 3-class accuracy and ""94.12%"" wrist 2-class accuracy, and achieves ""86.19%"" chest 3-class and ""93.68%"" chest 2-class accuracy.",§V-A Dataset; §§V-B.1 and V-B.3 Training and Implementation; §V-D Experimental Results (arXiv:2303.08215)
W005,10.1109/jiot.2023.3265768,Stress Detection Using Context-Aware Sensor Fusion From Wearable Devices,hop_seconds,5,"[Dataset §V-A] ""The dataset contains data for a total of 15 subjects""; the chest sensors are ""ACC, ECG, RESP, EMG, EDA, TEMP"" and the wrist sensors are ""ACC BVP, EDA, TEMP"". The classes are ""(i) baseline (neutral), (ii) amusement, and (iii) stress""; for the 2-class problem, ""baseline and amusement are grouped together in the non-stress class"". [Methods §V-B.1] the signals are ""segmented by a window of 60 seconds of data with a sliding length of 5 seconds"". [Methods §V-B.3] the wrist branches use ""Random Forest (RF)"" and the chest branches use ""the AdaBoost classifier""; ""All classifiers are trained using leave-one-subject-out (LOSO) validation."" [Results §V-D] the method achieves ""86.34%"" wrist 3-class accuracy and ""94.12%"" wrist 2-class accuracy, and achieves ""86.19%"" chest 3-class and ""93.68%"" chest 2-class accuracy.
[Dataset §V-A] ""The dataset contains data for a total of 15 subjects""; the chest sensors are ""ACC, ECG, RESP, EMG, EDA, TEMP"" and the wrist sensors are ""ACC BVP, EDA, TEMP"". The classes are ""(i) baseline (neutral), (ii) amusement, and (iii) stress""; for the 2-class problem, ""baseline and amusement are grouped together in the non-stress class"". [Methods §V-B.1] the signals are ""segmented by a window of 60 seconds of data with a sliding length of 5 seconds"". [Methods §V-B.3] the wrist branches use ""Random Forest (RF)"" and the chest branches use ""the AdaBoost classifier""; ""All classifiers are trained using leave-one-subject-out (LOSO) validation."" [Results §V-D] the method achieves ""86.34%"" wrist 3-class accuracy and ""94.12%"" wrist 2-class accuracy, and achieves ""86.19%"" chest 3-class and ""93.68%"" chest 2-class accuracy.
[Dataset §V-A] ""The dataset contains data for a total of 15 subjects""; the chest sensors are ""ACC, ECG, RESP, EMG, EDA, TEMP"" and the wrist sensors are ""ACC BVP, EDA, TEMP"". The classes are ""(i) baseline (neutral), (ii) amusement, and (iii) stress""; for the 2-class problem, ""baseline and amusement are grouped together in the non-stress class"". [Methods §V-B.1] the signals are ""segmented by a window of 60 seconds of data with a sliding length of 5 seconds"". [Methods §V-B.3] the wrist branches use ""Random Forest (RF)"" and the chest branches use ""the AdaBoost classifier""; ""All classifiers are trained using leave-one-subject-out (LOSO) validation."" [Results §V-D] the method achieves ""86.34%"" wrist 3-class accuracy and ""94.12%"" wrist 2-class accuracy, and achieves ""86.19%"" chest 3-class and ""93.68%"" chest 2-class accuracy.
[Dataset §V-A] ""The dataset contains data for a total of 15 subjects""; the chest sensors are ""ACC, ECG, RESP, EMG, EDA, TEMP"" and the wrist sensors are ""ACC BVP, EDA, TEMP"". The classes are ""(i) baseline (neutral), (ii) amusement, and (iii) stress""; for the 2-class problem, ""baseline and amusement are grouped together in the non-stress class"". [Methods §V-B.1] the signals are ""segmented by a window of 60 seconds of data with a sliding length of 5 seconds"". [Methods §V-B.3] the wrist branches use ""Random Forest (RF)"" and the chest branches use ""the AdaBoost classifier""; ""All classifiers are trained using leave-one-subject-out (LOSO) validation."" [Results §V-D] the method achieves ""86.34%"" wrist 3-class accuracy and ""94.12%"" wrist 2-class accuracy, and achieves ""86.19%"" chest 3-class and ""93.68%"" chest 2-class accuracy.",§V-A Dataset; §§V-B.1 and V-B.3 Training and Implementation; §V-D Experimental Results (arXiv:2303.08215)
W005,10.1109/jiot.2023.3265768,Stress Detection Using Context-Aware Sensor Fusion From Wearable Devices,split_type,loso,"[Dataset §V-A] ""The dataset contains data for a total of 15 subjects""; the chest sensors are ""ACC, ECG, RESP, EMG, EDA, TEMP"" and the wrist sensors are ""ACC BVP, EDA, TEMP"". The classes are ""(i) baseline (neutral), (ii) amusement, and (iii) stress""; for the 2-class problem, ""baseline and amusement are grouped together in the non-stress class"". [Methods §V-B.1] the signals are ""segmented by a window of 60 seconds of data with a sliding length of 5 seconds"". [Methods §V-B.3] the wrist branches use ""Random Forest (RF)"" and the chest branches use ""the AdaBoost classifier""; ""All classifiers are trained using leave-one-subject-out (LOSO) validation."" [Results §V-D] the method achieves ""86.34%"" wrist 3-class accuracy and ""94.12%"" wrist 2-class accuracy, and achieves ""86.19%"" chest 3-class and ""93.68%"" chest 2-class accuracy.
[Dataset §V-A] ""The dataset contains data for a total of 15 subjects""; the chest sensors are ""ACC, ECG, RESP, EMG, EDA, TEMP"" and the wrist sensors are ""ACC BVP, EDA, TEMP"". The classes are ""(i) baseline (neutral), (ii) amusement, and (iii) stress""; for the 2-class problem, ""baseline and amusement are grouped together in the non-stress class"". [Methods §V-B.1] the signals are ""segmented by a window of 60 seconds of data with a sliding length of 5 seconds"". [Methods §V-B.3] the wrist branches use ""Random Forest (RF)"" and the chest branches use ""the AdaBoost classifier""; ""All classifiers are trained using leave-one-subject-out (LOSO) validation."" [Results §V-D] the method achieves ""86.34%"" wrist 3-class accuracy and ""94.12%"" wrist 2-class accuracy, and achieves ""86.19%"" chest 3-class and ""93.68%"" chest 2-class accuracy.
[Dataset §V-A] ""The dataset contains data for a total of 15 subjects""; the chest sensors are ""ACC, ECG, RESP, EMG, EDA, TEMP"" and the wrist sensors are ""ACC BVP, EDA, TEMP"". The classes are ""(i) baseline (neutral), (ii) amusement, and (iii) stress""; for the 2-class problem, ""baseline and amusement are grouped together in the non-stress class"". [Methods §V-B.1] the signals are ""segmented by a window of 60 seconds of data with a sliding length of 5 seconds"". [Methods §V-B.3] the wrist branches use ""Random Forest (RF)"" and the chest branches use ""the AdaBoost classifier""; ""All classifiers are trained using leave-one-subject-out (LOSO) validation."" [Results §V-D] the method achieves ""86.34%"" wrist 3-class accuracy and ""94.12%"" wrist 2-class accuracy, and achieves ""86.19%"" chest 3-class and ""93.68%"" chest 2-class accuracy.
[Dataset §V-A] ""The dataset contains data for a total of 15 subjects""; the chest sensors are ""ACC, ECG, RESP, EMG, EDA, TEMP"" and the wrist sensors are ""ACC BVP, EDA, TEMP"". The classes are ""(i) baseline (neutral), (ii) amusement, and (iii) stress""; for the 2-class problem, ""baseline and amusement are grouped together in the non-stress class"". [Methods §V-B.1] the signals are ""segmented by a window of 60 seconds of data with a sliding length of 5 seconds"". [Methods §V-B.3] the wrist branches use ""Random Forest (RF)"" and the chest branches use ""the AdaBoost classifier""; ""All classifiers are trained using leave-one-subject-out (LOSO) validation."" [Results §V-D] the method achieves ""86.34%"" wrist 3-class accuracy and ""94.12%"" wrist 2-class accuracy, and achieves ""86.19%"" chest 3-class and ""93.68%"" chest 2-class accuracy.",§V-A Dataset; §§V-B.1 and V-B.3 Training and Implementation; §V-D Experimental Results (arXiv:2303.08215)
W008,10.1186/s12911-020-01299-4,Stress detection using deep neural networks,split_type,random_sample,"[Methods] ""The entire dataset was randomly scrambled and divided into a training dataset and a testing dataset with a 7 to 3 ratio."" [Results] ""The deep convolutional neural network achieved 99.80% and 99.55% accuracy rates for binary and 3-class classification, respectively.""
[Results] ""For the case of using all physiological signals except signals from the ACC sensor, the proposed deep neural network achieved an accuracy rate of 97.48%"" for 3-class emotion classification using chest-worn sensors.
[Results] ""For the case of using all physiological signals, including signals from the ACC sensor, the proposed deep neural network achieved an accuracy rate of 99.65%"" for 3-class emotion classification using wrist-worn sensors.
[Results] ""For the case of using all physiological signals except signals from the ACC sensor, the proposed deep neural network achieved an accuracy rate of 97.62%"" for 3-class emotion classification using wrist-worn sensors.",Methods—Neural network training; Abstract/Results
W010,10.1109/access.2021.3057578,Intelligent Stress Monitoring Assistant for First Responders,window_seconds,60,"[window_seconds,hop_seconds] ""After normalization, another sliding window of 60 seconds is used to extract the time slice of interest. This 60-second window extracts a time slice every 0.25 seconds to be used as the input to the TCN.""; [split_type,n_subjects_used,n_train_subjects,n_test_subjects,metric_aggregation] ""we adopted a leave-one-subject-out-cross-validation (LOOSCV) for performance evaluation. For the WESAD dataset, which contains 15 subjects, the LOOSCV per- forms 15-fold cross-validation. Each fold is separated into a 14:1 split, 14 subjects used for training and the remaining subject for validation. This process is repeated for each sub- ject, and the performance is evaluated based on the arithmetic mean of the 15 folds.""; [split_detail] ""In this vali- dation procedure, 90% of the data is randomly sampled to be used as training and the remaining 10% is used for testing. This process is repeated for 10 rounds with the results being averaged.""; [resampling_applied] ""Since each of the signals is collected at different frequen- cies, we have chosen to normalize the sampling rate using the lowest frequency (4Hz for TEMP and EDA signal of the wrist sensor).""; [model_family,feature_type] ""For time-series data, the best hand-crafted features for clas- siﬁcation are generally the mean, peaks, and moments at the selected time interval; however, given the Res-TCN, the fea- tures extracted is obtained through supervised machine- learning. The feature output of the Res-TCN is 1×64 feature vector.""",§VI-B Residual TCN (PDF p. 8); §VII-B (PDF p. 9); §VII-B Pre-processing and Segmentation (PDF p. 9); §VII-C Implementation and Training (PDF p. 9)
W010,10.1109/access.2021.3057578,Intelligent Stress Monitoring Assistant for First Responders,hop_seconds,0.25,"[window_seconds,hop_seconds] ""After normalization, another sliding window of 60 seconds is used to extract the time slice of interest. This 60-second window extracts a time slice every 0.25 seconds to be used as the input to the TCN.""; [split_type,n_subjects_used,n_train_subjects,n_test_subjects,metric_aggregation] ""we adopted a leave-one-subject-out-cross-validation (LOOSCV) for performance evaluation. For the WESAD dataset, which contains 15 subjects, the LOOSCV per- forms 15-fold cross-validation. Each fold is separated into a 14:1 split, 14 subjects used for training and the remaining subject for validation. This process is repeated for each sub- ject, and the performance is evaluated based on the arithmetic mean of the 15 folds.""; [split_detail] ""In this vali- dation procedure, 90% of the data is randomly sampled to be used as training and the remaining 10% is used for testing. This process is repeated for 10 rounds with the results being averaged.""; [resampling_applied] ""Since each of the signals is collected at different frequen- cies, we have chosen to normalize the sampling rate using the lowest frequency (4Hz for TEMP and EDA signal of the wrist sensor).""; [model_family,feature_type] ""For time-series data, the best hand-crafted features for clas- siﬁcation are generally the mean, peaks, and moments at the selected time interval; however, given the Res-TCN, the fea- tures extracted is obtained through supervised machine- learning. The feature output of the Res-TCN is 1×64 feature vector.""",§VI-B Residual TCN (PDF p. 8); §VII-B (PDF p. 9); §VII-B Pre-processing and Segmentation (PDF p. 9); §VII-C Implementation and Training (PDF p. 9)
W010,10.1109/access.2021.3057578,Intelligent Stress Monitoring Assistant for First Responders,split_type,loso,"[window_seconds,hop_seconds] ""After normalization, another sliding window of 60 seconds is used to extract the time slice of interest. This 60-second window extracts a time slice every 0.25 seconds to be used as the input to the TCN.""; [split_type,n_subjects_used,n_train_subjects,n_test_subjects,metric_aggregation] ""we adopted a leave-one-subject-out-cross-validation (LOOSCV) for performance evaluation. For the WESAD dataset, which contains 15 subjects, the LOOSCV per- forms 15-fold cross-validation. Each fold is separated into a 14:1 split, 14 subjects used for training and the remaining subject for validation. This process is repeated for each sub- ject, and the performance is evaluated based on the arithmetic mean of the 15 folds.""; [split_detail] ""In this vali- dation procedure, 90% of the data is randomly sampled to be used as training and the remaining 10% is used for testing. This process is repeated for 10 rounds with the results being averaged.""; [resampling_applied] ""Since each of the signals is collected at different frequen- cies, we have chosen to normalize the sampling rate using the lowest frequency (4Hz for TEMP and EDA signal of the wrist sensor).""; [model_family,feature_type] ""For time-series data, the best hand-crafted features for clas- siﬁcation are generally the mean, peaks, and moments at the selected time interval; however, given the Res-TCN, the fea- tures extracted is obtained through supervised machine- learning. The feature output of the Res-TCN is 1×64 feature vector.""",§VI-B Residual TCN (PDF p. 8); §VII-B (PDF p. 9); §VII-B Pre-processing and Segmentation (PDF p. 9); §VII-C Implementation and Training (PDF p. 9)
W010,10.1109/access.2021.3057578,Intelligent Stress Monitoring Assistant for First Responders,metric_aggregation,arithmetic mean of 15 subject folds,"[window_seconds,hop_seconds] ""After normalization, another sliding window of 60 seconds is used to extract the time slice of interest. This 60-second window extracts a time slice every 0.25 seconds to be used as the input to the TCN.""; [split_type,n_subjects_used,n_train_subjects,n_test_subjects,metric_aggregation] ""we adopted a leave-one-subject-out-cross-validation (LOOSCV) for performance evaluation. For the WESAD dataset, which contains 15 subjects, the LOOSCV per- forms 15-fold cross-validation. Each fold is separated into a 14:1 split, 14 subjects used for training and the remaining subject for validation. This process is repeated for each sub- ject, and the performance is evaluated based on the arithmetic mean of the 15 folds.""; [split_detail] ""In this vali- dation procedure, 90% of the data is randomly sampled to be used as training and the remaining 10% is used for testing. This process is repeated for 10 rounds with the results being averaged.""; [resampling_applied] ""Since each of the signals is collected at different frequen- cies, we have chosen to normalize the sampling rate using the lowest frequency (4Hz for TEMP and EDA signal of the wrist sensor).""; [model_family,feature_type] ""For time-series data, the best hand-crafted features for clas- siﬁcation are generally the mean, peaks, and moments at the selected time interval; however, given the Res-TCN, the fea- tures extracted is obtained through supervised machine- learning. The feature output of the Res-TCN is 1×64 feature vector.""",§VI-B Residual TCN (PDF p. 8); §VII-B (PDF p. 9); §VII-B Pre-processing and Segmentation (PDF p. 9); §VII-C Implementation and Training (PDF p. 9)
W011,10.1109/ijcnn55064.2022.9892953,MoStress: a Sequence Model for Stress Classification,window_seconds,30; 60; 90,"[normalization,normalization_source,evaluated_recording_stats] ""we chose a normalization method based on the mean and standard deviation, which is the z-score normalization. We applied the algorithm in each window, which consists of Equation 8:""; [split_type,n_train_subjects,n_test_subjects] ""After attributing a single label for all available windows, we used all windows and their respective labels from 14 subjects and used as input for the model. The remaining subject was used as validation data for the trained model to predict.""; [window_seconds,hop_seconds] ""we tested MoStress with a window size of 30 seconds, 1 minute and 1.5 minutes, and we use the sliding window step of 1 second, and the biggest window achieved the better results.""; [sensor_location] ""However, we only used the data collected from the chest sensor in our models and also discarded the accelerometer data""; [task_n_classes,class_definition] ""Since the model aims to classify between baseline, stress, and amusement, the neural network needs to have the parameters fitted to those specific states.""; [resampling_applied] ""In order to clean the data and avoid aliasing issues, we used only 1 point of data for each 100 points.""; [model_family,feature_type] ""The final step of MoStress Pipeline is an RNN model which take as input the pre-processed data from the previous steps and perform the classification task, on this paper, the three-class classification problem. In order to achieve a better architecture or the RNN model, we fist started with a baseline model. The baseline model created for the three-class classification problem is shown in Figure 4. This model is consisted of 128 LSTM or GRU neurons (both types were tested) fully connected with three dense neurons, one for each class in the problem.""",§V-A Fourier Analysis (PDF p. 4); §V-B Rolling Z-Score Normalization (PDF p. 4); §V-C Window’s Labels (PDF p. 5); §V-E RNN Architecture (PDF p. 6); §VI Experimental Evaluation (PDF p. 7); §VI-A Methodology (PDF p. 7)
W011,10.1109/ijcnn55064.2022.9892953,MoStress: a Sequence Model for Stress Classification,hop_seconds,1,"[normalization,normalization_source,evaluated_recording_stats] ""we chose a normalization method based on the mean and standard deviation, which is the z-score normalization. We applied the algorithm in each window, which consists of Equation 8:""; [split_type,n_train_subjects,n_test_subjects] ""After attributing a single label for all available windows, we used all windows and their respective labels from 14 subjects and used as input for the model. The remaining subject was used as validation data for the trained model to predict.""; [window_seconds,hop_seconds] ""we tested MoStress with a window size of 30 seconds, 1 minute and 1.5 minutes, and we use the sliding window step of 1 second, and the biggest window achieved the better results.""; [sensor_location] ""However, we only used the data collected from the chest sensor in our models and also discarded the accelerometer data""; [task_n_classes,class_definition] ""Since the model aims to classify between baseline, stress, and amusement, the neural network needs to have the parameters fitted to those specific states.""; [resampling_applied] ""In order to clean the data and avoid aliasing issues, we used only 1 point of data for each 100 points.""; [model_family,feature_type] ""The final step of MoStress Pipeline is an RNN model which take as input the pre-processed data from the previous steps and perform the classification task, on this paper, the three-class classification problem. In order to achieve a better architecture or the RNN model, we fist started with a baseline model. The baseline model created for the three-class classification problem is shown in Figure 4. This model is consisted of 128 LSTM or GRU neurons (both types were tested) fully connected with three dense neurons, one for each class in the problem.""",§V-A Fourier Analysis (PDF p. 4); §V-B Rolling Z-Score Normalization (PDF p. 4); §V-C Window’s Labels (PDF p. 5); §V-E RNN Architecture (PDF p. 6); §VI Experimental Evaluation (PDF p. 7); §VI-A Methodology (PDF p. 7)
W011,10.1109/ijcnn55064.2022.9892953,MoStress: a Sequence Model for Stress Classification,split_type,fixed_subject_holdout,"[normalization,normalization_source,evaluated_recording_stats] ""we chose a normalization method based on the mean and standard deviation, which is the z-score normalization. We applied the algorithm in each window, which consists of Equation 8:""; [split_type,n_train_subjects,n_test_subjects] ""After attributing a single label for all available windows, we used all windows and their respective labels from 14 subjects and used as input for the model. The remaining subject was used as validation data for the trained model to predict.""; [window_seconds,hop_seconds] ""we tested MoStress with a window size of 30 seconds, 1 minute and 1.5 minutes, and we use the sliding window step of 1 second, and the biggest window achieved the better results.""; [sensor_location] ""However, we only used the data collected from the chest sensor in our models and also discarded the accelerometer data""; [task_n_classes,class_definition] ""Since the model aims to classify between baseline, stress, and amusement, the neural network needs to have the parameters fitted to those specific states.""; [resampling_applied] ""In order to clean the data and avoid aliasing issues, we used only 1 point of data for each 100 points.""; [model_family,feature_type] ""The final step of MoStress Pipeline is an RNN model which take as input the pre-processed data from the previous steps and perform the classification task, on this paper, the three-class classification problem. In order to achieve a better architecture or the RNN model, we fist started with a baseline model. The baseline model created for the three-class classification problem is shown in Figure 4. This model is consisted of 128 LSTM or GRU neurons (both types were tested) fully connected with three dense neurons, one for each class in the problem.""",§V-A Fourier Analysis (PDF p. 4); §V-B Rolling Z-Score Normalization (PDF p. 4); §V-C Window’s Labels (PDF p. 5); §V-E RNN Architecture (PDF p. 6); §VI Experimental Evaluation (PDF p. 7); §VI-A Methodology (PDF p. 7)
W011,10.1109/ijcnn55064.2022.9892953,MoStress: a Sequence Model for Stress Classification,normalization_source,current window,"[normalization,normalization_source,evaluated_recording_stats] ""we chose a normalization method based on the mean and standard deviation, which is the z-score normalization. We applied the algorithm in each window, which consists of Equation 8:""; [split_type,n_train_subjects,n_test_subjects] ""After attributing a single label for all available windows, we used all windows and their respective labels from 14 subjects and used as input for the model. The remaining subject was used as validation data for the trained model to predict.""; [window_seconds,hop_seconds] ""we tested MoStress with a window size of 30 seconds, 1 minute and 1.5 minutes, and we use the sliding window step of 1 second, and the biggest window achieved the better results.""; [sensor_location] ""However, we only used the data collected from the chest sensor in our models and also discarded the accelerometer data""; [task_n_classes,class_definition] ""Since the model aims to classify between baseline, stress, and amusement, the neural network needs to have the parameters fitted to those specific states.""; [resampling_applied] ""In order to clean the data and avoid aliasing issues, we used only 1 point of data for each 100 points.""; [model_family,feature_type] ""The final step of MoStress Pipeline is an RNN model which take as input the pre-processed data from the previous steps and perform the classification task, on this paper, the three-class classification problem. In order to achieve a better architecture or the RNN model, we fist started with a baseline model. The baseline model created for the three-class classification problem is shown in Figure 4. This model is consisted of 128 LSTM or GRU neurons (both types were tested) fully connected with three dense neurons, one for each class in the problem.""",§V-A Fourier Analysis (PDF p. 4); §V-B Rolling Z-Score Normalization (PDF p. 4); §V-C Window’s Labels (PDF p. 5); §V-E RNN Architecture (PDF p. 6); §VI Experimental Evaluation (PDF p. 7); §VI-A Methodology (PDF p. 7)
W011,10.1109/ijcnn55064.2022.9892953,MoStress: a Sequence Model for Stress Classification,evaluated_user_stats,Y,"[normalization,normalization_source,evaluated_recording_stats] ""we chose a normalization method based on the mean and standard deviation, which is the z-score normalization. We applied the algorithm in each window, which consists of Equation 8:""; [split_type,n_train_subjects,n_test_subjects] ""After attributing a single label for all available windows, we used all windows and their respective labels from 14 subjects and used as input for the model. The remaining subject was used as validation data for the trained model to predict.""; [window_seconds,hop_seconds] ""we tested MoStress with a window size of 30 seconds, 1 minute and 1.5 minutes, and we use the sliding window step of 1 second, and the biggest window achieved the better results.""; [sensor_location] ""However, we only used the data collected from the chest sensor in our models and also discarded the accelerometer data""; [task_n_classes,class_definition] ""Since the model aims to classify between baseline, stress, and amusement, the neural network needs to have the parameters fitted to those specific states.""; [resampling_applied] ""In order to clean the data and avoid aliasing issues, we used only 1 point of data for each 100 points.""; [model_family,feature_type] ""The final step of MoStress Pipeline is an RNN model which take as input the pre-processed data from the previous steps and perform the classification task, on this paper, the three-class classification problem. In order to achieve a better architecture or the RNN model, we fist started with a baseline model. The baseline model created for the three-class classification problem is shown in Figure 4. This model is consisted of 128 LSTM or GRU neurons (both types were tested) fully connected with three dense neurons, one for each class in the problem.""",§V-A Fourier Analysis (PDF p. 4); §V-B Rolling Z-Score Normalization (PDF p. 4); §V-C Window’s Labels (PDF p. 5); §V-E RNN Architecture (PDF p. 6); §VI Experimental Evaluation (PDF p. 7); §VI-A Methodology (PDF p. 7)
W012,10.3390/electronics14040723,Emotion Recognition Using a Siamese Model and a Late Fusion-Based Multimodal Method in the WESAD Dataset with Hardware Accelerators,window_seconds,30,"[Dataset §2.1] ""the WESAD dataset ... includes multimodal physiological signal data collected from 15 healthy participants"" and ""four emotional states: neutral, stress, amusement, and meditation""; ""the signal measurements were based solely on the wrist"" and focused on ""BVP and EDA"". ""A sliding window of 30 s was used"" and ""a step size of 15 s"" reconstructed data from 15 participants. [Methods §2.2] ""the EMD method was applied to the BVP signal"" and ""raw time-series data were used"" for EDA. [Methods §3.3] ""the validation data comprised 15% of the total data"". [Results §3.3] ""the accuracy of emotion recognition was 99.916%"" with ""an F1-score of 99.833%"".",§2.1 WESAD Dataset; §3.3 Multi-Task Learning Process; §3.3 Results (OA published full text)
W012,10.3390/electronics14040723,Emotion Recognition Using a Siamese Model and a Late Fusion-Based Multimodal Method in the WESAD Dataset with Hardware Accelerators,hop_seconds,15,"[Dataset §2.1] ""the WESAD dataset ... includes multimodal physiological signal data collected from 15 healthy participants"" and ""four emotional states: neutral, stress, amusement, and meditation""; ""the signal measurements were based solely on the wrist"" and focused on ""BVP and EDA"". ""A sliding window of 30 s was used"" and ""a step size of 15 s"" reconstructed data from 15 participants. [Methods §2.2] ""the EMD method was applied to the BVP signal"" and ""raw time-series data were used"" for EDA. [Methods §3.3] ""the validation data comprised 15% of the total data"". [Results §3.3] ""the accuracy of emotion recognition was 99.916%"" with ""an F1-score of 99.833%"".",§2.1 WESAD Dataset; §3.3 Multi-Task Learning Process; §3.3 Results (OA published full text)
W017,10.1007/s12652-022-04365-z,Evaluating different configurations of machine learning models and their transfer learning capabilities for stress detection using heart rate,window_seconds,300,"[Dataset] ""WESAD contains different physiological measurements from 15 subjects in different conditions.""; [Methods] ""The subjects of both datasets were randomly split into two-thirds for training and one-third for test."" ""the configurations and evaluations was the macro averaged version of the F1-score (Opitz and Burst 2019), giving equal weight to each class (stress and non-stress)"" ""The initial size of the windows was 5 min"" ""the shift was of 20 s"" [Results Table 5] ""MLP WESAD WESAD 99.03% 99.04% 98.29% 99.85%""",Methods §3.2.1; Results Table 5
W017,10.1007/s12652-022-04365-z,Evaluating different configurations of machine learning models and their transfer learning capabilities for stress detection using heart rate,hop_seconds,20,"[Dataset] ""WESAD contains different physiological measurements from 15 subjects in different conditions.""; [Methods] ""The subjects of both datasets were randomly split into two-thirds for training and one-third for test."" ""the configurations and evaluations was the macro averaged version of the F1-score (Opitz and Burst 2019), giving equal weight to each class (stress and non-stress)"" ""The initial size of the windows was 5 min"" ""the shift was of 20 s"" [Results Table 5] ""MLP WESAD WESAD 99.03% 99.04% 98.29% 99.85%""",Methods §3.2.1; Results Table 5
W017,10.1007/s12652-022-04365-z,Evaluating different configurations of machine learning models and their transfer learning capabilities for stress detection using heart rate,split_type,fixed_subject_holdout,"[Dataset] ""WESAD contains different physiological measurements from 15 subjects in different conditions.""; [Methods] ""The subjects of both datasets were randomly split into two-thirds for training and one-third for test."" ""the configurations and evaluations was the macro averaged version of the F1-score (Opitz and Burst 2019), giving equal weight to each class (stress and non-stress)"" ""The initial size of the windows was 5 min"" ""the shift was of 20 s"" [Results Table 5] ""MLP WESAD WESAD 99.03% 99.04% 98.29% 99.85%""",Methods §3.2.1; Results Table 5
W017,10.1007/s12652-022-04365-z,Evaluating different configurations of machine learning models and their transfer learning capabilities for stress detection using heart rate,normalization_source,subject non-stress baseline,"[Dataset] ""WESAD contains different physiological measurements from 15 subjects in different conditions.""; [Methods] ""The subjects of both datasets were randomly split into two-thirds for training and one-third for test."" ""the configurations and evaluations was the macro averaged version of the F1-score (Opitz and Burst 2019), giving equal weight to each class (stress and non-stress)"" ""The initial size of the windows was 5 min"" ""the shift was of 20 s"" [Results Table 5] ""MLP WESAD WESAD 99.03% 99.04% 98.29% 99.85%""",Methods §3.2.1; Results Table 5
W017,10.1007/s12652-022-04365-z,Evaluating different configurations of machine learning models and their transfer learning capabilities for stress detection using heart rate,evaluated_user_stats,Y,"[Dataset] ""WESAD contains different physiological measurements from 15 subjects in different conditions.""; [Methods] ""The subjects of both datasets were randomly split into two-thirds for training and one-third for test."" ""the configurations and evaluations was the macro averaged version of the F1-score (Opitz and Burst 2019), giving equal weight to each class (stress and non-stress)"" ""The initial size of the windows was 5 min"" ""the shift was of 20 s"" [Results Table 5] ""MLP WESAD WESAD 99.03% 99.04% 98.29% 99.85%""",Methods §3.2.1; Results Table 5
W020,10.1016/j.mlwa.2022.100395,"Detecting stress through 2D ECG images using pretrained models, transfer learning and model compression techniques",split_type,kfold_ungrouped,"[split_type,split_detail] ""It uses all instances, but one observed instance as the training set and one observation as the test set. The process is repeated for each instances of the training set. This greatly reduces bias associated with the algorithm’s evaluation, and can be considered the most appropriate test to produce an accurate estimate of an algorithm’s performance (Wong, 2015). 3.4.2. 10-Fold cross validation K-fold cross validation randomly divides the data into equal samples of k folds, for 10-folds, k is equal to 10. The data is trained on k-1 folds, and the last sample is used to evaluate the performance of the algorithm on unseen data. More folds are optimal""; [modalities,feature_type] ""we propose an algorithm to convert 1D ECG data from WESAD into 2D grayscale images.""; [task_n_classes,class_definition] ""The data was annotated based on the stress and not stress conditions, similar to WESAD using labelboox""; [n_subjects_used] ""The ECG data were collected using a RespiBan sensor (sampling rate of 700 Hz) from 17 subjects,""; [model_family] ""We utilized a pretrained VGG16 algorithm as the teacher model, because of its reputation in computer vision.""",§3.1 (PDF p. 2); §3.2.3 Knowledge Distillation (PDF p. 5); §3.3.1 WESAD (PDF p. 5); §3.4.1–3.4.2 Experiments (PDF p. 5)
W021,10.1016/j.mex.2025.103205,From lab to real-life: A three-stage validation of wearable technology for stress monitoring,window_seconds,210,"[Methods §WESAD] ""Within WESAD, data for 15 subjects was collected""; the study uses ""an electrocardiogram (ECG), electrodermal activity (EDA), and respiration (RESP) collected from the chest-worn RespiBAN"". For the labels, the PANAS item has ""five possible responses"" and ""For binary classification, responses of 'Not at all' were considered class 0 (no stress) with remaining response levels considered class 1 (stress)"". [Methods Classifiers and HPO] ""the dataset was partitioned into a training set comprising 80 % of the data and a test set containing the remaining 20 %""; [Methods Evaluation] ""K-fold cross-validation (K-CV) with K values ranging from 3 to 10 was employed"" and ""SMOTE ... was applied to the training portion of each cross-validation split"". [Methods Feature extraction] ""ECG features were extracted"" and the study defines statistical features such as ""HR Mean"" and ""ECG SDNN"". [Results] the best binary ensemble accuracy is ""99.78 %±0.15 %"" using ""a 210-second window with 50 % overlap""; metrics are ""calculated for each fold and averaged across K-CV runs"".
[Methods §WESAD] ""Within WESAD, data for 15 subjects was collected"" using chest-worn ""ECG, EDA, and RESP""; the PANAS Stressed item has ""five possible responses"". [Methods Evaluation] ""K-fold cross-validation (K-CV) with K values ranging from 3 to 10 was employed"" and metrics were ""calculated for each fold and averaged across K-CV runs"". [Results] the best multi-class accuracy is ""99.61 %±0.32 %"" using ""a 210-second window with 50 % overlap"".",WESAD Dataset; Classifiers and hyperparameter optimization; Class distribution balancing; Evaluation; Method validation (PMC11848792 full text)
W021,10.1016/j.mex.2025.103205,From lab to real-life: A three-stage validation of wearable technology for stress monitoring,window_overlap_pct,50,"[Methods §WESAD] ""Within WESAD, data for 15 subjects was collected""; the study uses ""an electrocardiogram (ECG), electrodermal activity (EDA), and respiration (RESP) collected from the chest-worn RespiBAN"". For the labels, the PANAS item has ""five possible responses"" and ""For binary classification, responses of 'Not at all' were considered class 0 (no stress) with remaining response levels considered class 1 (stress)"". [Methods Classifiers and HPO] ""the dataset was partitioned into a training set comprising 80 % of the data and a test set containing the remaining 20 %""; [Methods Evaluation] ""K-fold cross-validation (K-CV) with K values ranging from 3 to 10 was employed"" and ""SMOTE ... was applied to the training portion of each cross-validation split"". [Methods Feature extraction] ""ECG features were extracted"" and the study defines statistical features such as ""HR Mean"" and ""ECG SDNN"". [Results] the best binary ensemble accuracy is ""99.78 %±0.15 %"" using ""a 210-second window with 50 % overlap""; metrics are ""calculated for each fold and averaged across K-CV runs"".
[Methods §WESAD] ""Within WESAD, data for 15 subjects was collected"" using chest-worn ""ECG, EDA, and RESP""; the PANAS Stressed item has ""five possible responses"". [Methods Evaluation] ""K-fold cross-validation (K-CV) with K values ranging from 3 to 10 was employed"" and metrics were ""calculated for each fold and averaged across K-CV runs"". [Results] the best multi-class accuracy is ""99.61 %±0.32 %"" using ""a 210-second window with 50 % overlap"".",WESAD Dataset; Classifiers and hyperparameter optimization; Class distribution balancing; Evaluation; Method validation (PMC11848792 full text)
W021,10.1016/j.mex.2025.103205,From lab to real-life: A three-stage validation of wearable technology for stress monitoring,metric_aggregation,mean_over_folds,"[Methods §WESAD] ""Within WESAD, data for 15 subjects was collected""; the study uses ""an electrocardiogram (ECG), electrodermal activity (EDA), and respiration (RESP) collected from the chest-worn RespiBAN"". For the labels, the PANAS item has ""five possible responses"" and ""For binary classification, responses of 'Not at all' were considered class 0 (no stress) with remaining response levels considered class 1 (stress)"". [Methods Classifiers and HPO] ""the dataset was partitioned into a training set comprising 80 % of the data and a test set containing the remaining 20 %""; [Methods Evaluation] ""K-fold cross-validation (K-CV) with K values ranging from 3 to 10 was employed"" and ""SMOTE ... was applied to the training portion of each cross-validation split"". [Methods Feature extraction] ""ECG features were extracted"" and the study defines statistical features such as ""HR Mean"" and ""ECG SDNN"". [Results] the best binary ensemble accuracy is ""99.78 %±0.15 %"" using ""a 210-second window with 50 % overlap""; metrics are ""calculated for each fold and averaged across K-CV runs"".
[Methods §WESAD] ""Within WESAD, data for 15 subjects was collected"" using chest-worn ""ECG, EDA, and RESP""; the PANAS Stressed item has ""five possible responses"". [Methods Evaluation] ""K-fold cross-validation (K-CV) with K values ranging from 3 to 10 was employed"" and metrics were ""calculated for each fold and averaged across K-CV runs"". [Results] the best multi-class accuracy is ""99.61 %±0.32 %"" using ""a 210-second window with 50 % overlap"".",WESAD Dataset; Classifiers and hyperparameter optimization; Class distribution balancing; Evaluation; Method validation (PMC11848792 full text)
W022,10.2196/52171,A Comparison of Personalized and Generalized Approaches to Emotion Recognition Using Consumer Wearable Devices: Machine Learning Study,split_type,loso | subject_dependent,"[Task] ""For the 3-class emotion classification task (neutral, stress, and amusement)"" [Methods] ""The testing set for this model consisted of the last 15% of intervals for 1 participant."" ""The participant-exclusive generalized model was trained 15 times."" [Results] ""For the 3-class classification problem, our participant-exclusive generalized model achieved an average accuracy of 67.65%.""
[Task] ""For the 3-class emotion classification task (neutral, stress, and amusement)"" [Methods] ""The set of participants in the training and testing sets overlapped by 1 participant—the subject in the testing set."" [Results] ""For the 3-class classification problem, our participant-inclusive generalized model achieved an average accuracy of 66.95%.""
[Task] ""For the 3-class emotion classification task (neutral, stress, and amusement)"" [Methods] ""each participant in the data set had their own model that was trained, validated, and tested independently of other participants."" [Results] ""For the 3-class classification problem, our personalized model achieved an average accuracy of 95.06%.""",Methods—Preprocessing and Partitioning; Results
W023,10.1109/access.2021.3060441,Stress Detection With Single PPG Sensor by Orchestrating Multiple Denoising and Peak-Detecting Methods,window_seconds,120,"[window_seconds,hop_seconds] ""2 min of the window length and 0.25 s of the sliding window are applied for HRV extraction.""; [split_type] ""Leave-One-Subject-Out cross validation was used to verify the generalization performance [26], [27].""; [modalities,feature_type] ""The PPG characteristics for general stress detection are based on heart rate variability (HRV) [21].""; [metric_name] ""The area under the receiver operating characteristic curve (AUC) [25] and F1 score were used to measure the proposed method perfor- mance. The accuracy was used for the performance compari- son between the existing method and the proposed method.""",§II-C Feature Extraction (PDF p. 4); §III-A Experiment Setup (PDF p. 4); §III-A Experimental Setup (PDF p. 4)
W023,10.1109/access.2021.3060441,Stress Detection With Single PPG Sensor by Orchestrating Multiple Denoising and Peak-Detecting Methods,hop_seconds,0.25,"[window_seconds,hop_seconds] ""2 min of the window length and 0.25 s of the sliding window are applied for HRV extraction.""; [split_type] ""Leave-One-Subject-Out cross validation was used to verify the generalization performance [26], [27].""; [modalities,feature_type] ""The PPG characteristics for general stress detection are based on heart rate variability (HRV) [21].""; [metric_name] ""The area under the receiver operating characteristic curve (AUC) [25] and F1 score were used to measure the proposed method perfor- mance. The accuracy was used for the performance compari- son between the existing method and the proposed method.""",§II-C Feature Extraction (PDF p. 4); §III-A Experiment Setup (PDF p. 4); §III-A Experimental Setup (PDF p. 4)
W023,10.1109/access.2021.3060441,Stress Detection With Single PPG Sensor by Orchestrating Multiple Denoising and Peak-Detecting Methods,split_type,loso,"[window_seconds,hop_seconds] ""2 min of the window length and 0.25 s of the sliding window are applied for HRV extraction.""; [split_type] ""Leave-One-Subject-Out cross validation was used to verify the generalization performance [26], [27].""; [modalities,feature_type] ""The PPG characteristics for general stress detection are based on heart rate variability (HRV) [21].""; [metric_name] ""The area under the receiver operating characteristic curve (AUC) [25] and F1 score were used to measure the proposed method perfor- mance. The accuracy was used for the performance compari- son between the existing method and the proposed method.""",§II-C Feature Extraction (PDF p. 4); §III-A Experiment Setup (PDF p. 4); §III-A Experimental Setup (PDF p. 4)
W024,10.1088/1361-6501/ac3aae,Real-time mental stress detection technique using neural networks towards a wearable health monitor,window_seconds,5,"[window_seconds,n_subjects_used] ""A total of about 50.5 min of data was considered for four classes from 15 subjects. The PPG data were segmented into 5 s window, each having 320 samples.""; [split_detail] ""The dataset was split 50%:50% for training (cross-validation) and testing. A 10-fold cross-validation was performed on the training dataset.""; [task_n_classes,class_definition] ""The proposed ML-based stress detection technique was evalu- ated with the WeSAD dataset to detect four classes attributed with the following labels: baseline 0, stress 1, amusement 2 and meditation 3.""; [modalities] ""The PPG data were segmented into 5 s window, each having 320 samples.""",§2.1 (PDF p. 5); §2.1 Dataset used and preparation of balanced data (PDF p. 5); §3 Results and Discussion: setup (PDF p. 6); §3 Results: experimental setup (PDF p. 6)
W025,10.3390/s23052821,AI-Enabled Smart Wristband Providing Real-Time Vital Signs and Stress Monitoring,window_seconds,30,"[Methods §3.3.1] WESAD provides signals from devices worn by 15 subjects and the paper uses a ""30 s PPG signal segment"". [Methods §3.3.4] ""For data augmentation purposes, the Synthetic Minority Oversampling Technique was applied."" The pipeline uses ""five time domain features and one extra heart-rate-related feature"". ""A multi-subject training dataset, consisting of 12 subjects, was constructed. The remaining 3, previously unseen subjects, were held out for testing purposes."" [Results/Conclusion] ""the first phase of the evaluation was conducted on a subset of the WESAD dataset that had not been used in the training process, achieving 91% accuracy"" and the pipeline performs binary classification (""stress"" vs ""no stress"").",§3.3.1 Dataset; §3.3.4 Machine Learning Pipeline; §5 Conclusions (OA published full text)
W025,10.3390/s23052821,AI-Enabled Smart Wristband Providing Real-Time Vital Signs and Stress Monitoring,split_type,fixed_subject_holdout,"[Methods §3.3.1] WESAD provides signals from devices worn by 15 subjects and the paper uses a ""30 s PPG signal segment"". [Methods §3.3.4] ""For data augmentation purposes, the Synthetic Minority Oversampling Technique was applied."" The pipeline uses ""five time domain features and one extra heart-rate-related feature"". ""A multi-subject training dataset, consisting of 12 subjects, was constructed. The remaining 3, previously unseen subjects, were held out for testing purposes."" [Results/Conclusion] ""the first phase of the evaluation was conducted on a subset of the WESAD dataset that had not been used in the training process, achieving 91% accuracy"" and the pipeline performs binary classification (""stress"" vs ""no stress"").",§3.3.1 Dataset; §3.3.4 Machine Learning Pipeline; §5 Conclusions (OA published full text)
W025,10.3390/s23052821,AI-Enabled Smart Wristband Providing Real-Time Vital Signs and Stress Monitoring,normalization_source,training-sample statistics,"[Methods §3.3.1] WESAD provides signals from devices worn by 15 subjects and the paper uses a ""30 s PPG signal segment"". [Methods §3.3.4] ""For data augmentation purposes, the Synthetic Minority Oversampling Technique was applied."" The pipeline uses ""five time domain features and one extra heart-rate-related feature"". ""A multi-subject training dataset, consisting of 12 subjects, was constructed. The remaining 3, previously unseen subjects, were held out for testing purposes."" [Results/Conclusion] ""the first phase of the evaluation was conducted on a subset of the WESAD dataset that had not been used in the training process, achieving 91% accuracy"" and the pipeline performs binary classification (""stress"" vs ""no stress"").",§3.3.1 Dataset; §3.3.4 Machine Learning Pipeline; §5 Conclusions (OA published full text)
W025,10.3390/s23052821,AI-Enabled Smart Wristband Providing Real-Time Vital Signs and Stress Monitoring,evaluated_user_stats,N,"[Methods §3.3.1] WESAD provides signals from devices worn by 15 subjects and the paper uses a ""30 s PPG signal segment"". [Methods §3.3.4] ""For data augmentation purposes, the Synthetic Minority Oversampling Technique was applied."" The pipeline uses ""five time domain features and one extra heart-rate-related feature"". ""A multi-subject training dataset, consisting of 12 subjects, was constructed. The remaining 3, previously unseen subjects, were held out for testing purposes."" [Results/Conclusion] ""the first phase of the evaluation was conducted on a subset of the WESAD dataset that had not been used in the training process, achieving 91% accuracy"" and the pipeline performs binary classification (""stress"" vs ""no stress"").",§3.3.1 Dataset; §3.3.4 Machine Learning Pipeline; §5 Conclusions (OA published full text)
W026,10.1109/niles63360.2024.10753228,A Deep Learning Approach Using WESAD Data for Multi-Class Classification with Wearable Sensors,window_seconds,5,"[window_seconds,task_n_classes] ""Data from each sensor were segmented into 5-second windows, providing simultaneous inputs for the DNN, which was configured to perform a three-class classification.""; [split_type,split_detail] ""The dataset was randomly scrambled and split into training and testing subsets with a 70:30 ratio,""; [n_subjects_used,sensor_location] ""It includes movement and physiological data from fifteen participants, recorded with the Raspbian Advance chest apparatus and the Empatica E4 arm sensor during activities like baseline, preparation, amusement, stress, meditation, and recovery.""; [modalities,feature_type,model_family] ""This DNN was designed to process physiological signals from eight sensors, including ECG, EDA, EMG, RESP, TEMP, and a 3- axis ACC. Each ACC axis was treated as a separate input, resulting in eight signals for the DNN network.""; [metric_name] ""The primary metrics utilized to evaluate the deep neural network for each optimizer included accuracy, precision, recall, and F1-score, as shown in Equations 1 to 4, respectively.""",§III Methodology (PDF p. 2)
W026,10.1109/niles63360.2024.10753228,A Deep Learning Approach Using WESAD Data for Multi-Class Classification with Wearable Sensors,split_type,random_sample,"[window_seconds,task_n_classes] ""Data from each sensor were segmented into 5-second windows, providing simultaneous inputs for the DNN, which was configured to perform a three-class classification.""; [split_type,split_detail] ""The dataset was randomly scrambled and split into training and testing subsets with a 70:30 ratio,""; [n_subjects_used,sensor_location] ""It includes movement and physiological data from fifteen participants, recorded with the Raspbian Advance chest apparatus and the Empatica E4 arm sensor during activities like baseline, preparation, amusement, stress, meditation, and recovery.""; [modalities,feature_type,model_family] ""This DNN was designed to process physiological signals from eight sensors, including ECG, EDA, EMG, RESP, TEMP, and a 3- axis ACC. Each ACC axis was treated as a separate input, resulting in eight signals for the DNN network.""; [metric_name] ""The primary metrics utilized to evaluate the deep neural network for each optimizer included accuracy, precision, recall, and F1-score, as shown in Equations 1 to 4, respectively.""",§III Methodology (PDF p. 2)
W029,10.1371/journal.pone.0310776,An improved biometric stress monitoring solution for working employees using heart rate variability data and Capsule Network model,metric_aggregation,mean_over_folds,"[Methods §4.3] ""the WESAD dataset ... has 3 classes which are ‘baseline condition’, ‘amusement condition’, and ‘stress condition’"". [Results Table 4] the CapsNets model has ""Accuracy %"" of ""96.76"". [Results §4.5] ""a 5-fold cross-validation approach will be adopted"" and the WESAD average is ""99.84%"".
[Results §4.4/Table 5] ""The dataset with only two classes, i.e., stress and no stress"" and for WESAD, CapsNets obtained ""99.82"" accuracy.
[Results §4.5/Table 6] ""a 5-fold cross-validation approach will be adopted""; for WESAD the fold accuracies are 98.56%, 99.87%, 99.92%, 99.95%, and 99.86%, with an ""Average"" of ""99.84"".",§4.3 Results of models on WESAD; §4.5 K-fold cross-validation (OA published full text); §4.4 Comparison of model results on both datasets (Binary classification) (OA published full text); §4.5 Results using K-fold cross-validation (OA published full text)
W030,10.1109/access.2024.3461588,Resp-BoostNet: Mental Stress Detection From Biomarkers Measurable by Smartwatches Using Boosting Neural Network Technique,window_seconds,2,"[Methods] ""The training of the model is performed for fifteen different subjects of the publicly available multimodal WESAD (Wearable Stress and Affect Detection) dataset using various biomarkers measured by smartwatches."" ""The proposed model predicts respiration rate with low error (0.035 MSE (Mean Squared Error)) and achieves high mental stress detection accuracy of 94% using smartwatch measurable biomarkers which is a ∼2% improvement over the current contemporary technique."" ""the second one uses a classifier that detects the current mental stress level (affective state)."" ""three affective states viz amusement (assigned class 0), neutral (assigned class 1), stress (assigned class 2)""; ""we use a sliding window of 2 seconds"" and ""The window is shifted with steps of 0.25 seconds.""",Abstract and Methods §§II–III
W030,10.1109/access.2024.3461588,Resp-BoostNet: Mental Stress Detection From Biomarkers Measurable by Smartwatches Using Boosting Neural Network Technique,hop_seconds,0.25,"[Methods] ""The training of the model is performed for fifteen different subjects of the publicly available multimodal WESAD (Wearable Stress and Affect Detection) dataset using various biomarkers measured by smartwatches."" ""The proposed model predicts respiration rate with low error (0.035 MSE (Mean Squared Error)) and achieves high mental stress detection accuracy of 94% using smartwatch measurable biomarkers which is a ∼2% improvement over the current contemporary technique."" ""the second one uses a classifier that detects the current mental stress level (affective state)."" ""three affective states viz amusement (assigned class 0), neutral (assigned class 1), stress (assigned class 2)""; ""we use a sliding window of 2 seconds"" and ""The window is shifted with steps of 0.25 seconds.""",Abstract and Methods §§II–III
W033,10.1109/tim.2024.3420349,Deep Learning-Based Automated Emotion Recognition Using Multimodal Physiological Signals and Time-Frequency Methods,split_type,kfold_ungrouped,"[n_subjects_used,task_n_classes,class_definition,split_type,split_detail,metric_aggregation] ""The WESAD dataset consists of 45 spectrograms from 15 participants belonging to the ‘amusement,’ ‘neutral,’ and ‘stress’ classes. To ensure the robustness of our models and obtain reliable performance estimates, we utilized a nested stratified k-fold cross-validation technique. In this approach, two loops are implemented. The outer loop assessed the model’s quality using different test sets, while the inner loop facilitated optimal model selection. We set the ‘k’ value for the outer and inner loops at 6 and 5, respectively, ensuring an equal and adequate number of samples from each class under each split. During each outer loop iteration, the optimal model with the best validation accuracy is selected and evaluated on the corresponding test set for the respective outer fold. This process is repeated for all outer test sets, generating six estimates, and the mean of these metrics was used for performance analysis.""; [modalities,sensor_location] ""In this study, we utilized the EDA and ECG signals, recorded from a RespiBAN sensor, to classify three emotional states such as amusement, neural, and stress [42].""; [model_family,feature_type] ""The TFRs generated using different TF methods are fed to CNN architectures in unimodal and multimodal settings [51], [52], [53].""; [metric_name] ""Performance metrics, including accuracy (ACC), F-measure (FM), and area-under-the-curve (AUC), are assessed for net- work architectures [2], [3], [57].""",§II-A Datasets (PDF p. 3); §II-E Classification (PDF p. 4); §II-F Performance Evaluation (PDF p. 5)
W033,10.1109/tim.2024.3420349,Deep Learning-Based Automated Emotion Recognition Using Multimodal Physiological Signals and Time-Frequency Methods,metric_aggregation,mean across six outer folds,"[n_subjects_used,task_n_classes,class_definition,split_type,split_detail,metric_aggregation] ""The WESAD dataset consists of 45 spectrograms from 15 participants belonging to the ‘amusement,’ ‘neutral,’ and ‘stress’ classes. To ensure the robustness of our models and obtain reliable performance estimates, we utilized a nested stratified k-fold cross-validation technique. In this approach, two loops are implemented. The outer loop assessed the model’s quality using different test sets, while the inner loop facilitated optimal model selection. We set the ‘k’ value for the outer and inner loops at 6 and 5, respectively, ensuring an equal and adequate number of samples from each class under each split. During each outer loop iteration, the optimal model with the best validation accuracy is selected and evaluated on the corresponding test set for the respective outer fold. This process is repeated for all outer test sets, generating six estimates, and the mean of these metrics was used for performance analysis.""; [modalities,sensor_location] ""In this study, we utilized the EDA and ECG signals, recorded from a RespiBAN sensor, to classify three emotional states such as amusement, neural, and stress [42].""; [model_family,feature_type] ""The TFRs generated using different TF methods are fed to CNN architectures in unimodal and multimodal settings [51], [52], [53].""; [metric_name] ""Performance metrics, including accuracy (ACC), F-measure (FM), and area-under-the-curve (AUC), are assessed for net- work architectures [2], [3], [57].""",§II-A Datasets (PDF p. 3); §II-E Classification (PDF p. 4); §II-F Performance Evaluation (PDF p. 5)
W034,10.3390/jpm12101584,"Comparative Analysis between Individual, Centralized, and Federated Learning for Smartwatch Based Stress Detection",window_seconds,60,"[Dataset/Features] ""The data came from 15 participants"" and ""the classification problem was binary (stress and non-stress)""; the smartwatch data included ""skin temperature"", ""accelerometers"", ""electrodermal activity"", and ""blood volume pulse""; signals were segmented by ""a 60-second sliding window with a sliding step of 0.25 s"". [Evaluation] ""each data set is divided into two parts: training and testing data with a split ratio of 80:20"". [Learning strategy] ""the central server combines all the data from all users ... and then trains a machine learning model using the combined data"". [Results] ""centralized learning had also a good performance with an average accuracy of 0.9355"".
[Dataset/Features] ""The data came from 15 participants"" and ""the classification problem was binary (stress and non-stress)""; the smartwatch data included ""skin temperature"", ""accelerometers"", ""electrodermal activity"", and ""blood volume pulse""; signals were segmented by ""a 60-second sliding window with a sliding step of 0.25 s"". [Evaluation] ""each data set is divided into two parts: training and testing data with a split ratio of 80:20"". [Learning strategy] ""the machine learning model is trained locally on each user’s device"" and ""the central server can combine all the models"". [Results] ""federated learning had a relatively mediocre performance ... average accuracy of 0.8575"".
[Dataset/Features] ""The data came from 15 participants"" and ""the classification problem was binary (stress and non-stress)""; the smartwatch data included ""skin temperature"", ""accelerometers"", ""electrodermal activity"", and ""blood volume pulse""; signals were segmented by ""a 60-second sliding window with a sliding step of 0.25 s"". [Evaluation] ""each data set is divided into two parts: training and testing data with a split ratio of 80:20"". [Learning strategy] ""each user had their own model"" trained ""using their own data"". [Results] ""individual learning ... obtaining an almost perfect performance with an average accuracy of 0.9998"".",§2.1 Dataset; §§2.2–2.4 Features/Learning Strategies/Evaluation; §3 Results (OA published full text)
W034,10.3390/jpm12101584,"Comparative Analysis between Individual, Centralized, and Federated Learning for Smartwatch Based Stress Detection",hop_seconds,0.25,"[Dataset/Features] ""The data came from 15 participants"" and ""the classification problem was binary (stress and non-stress)""; the smartwatch data included ""skin temperature"", ""accelerometers"", ""electrodermal activity"", and ""blood volume pulse""; signals were segmented by ""a 60-second sliding window with a sliding step of 0.25 s"". [Evaluation] ""each data set is divided into two parts: training and testing data with a split ratio of 80:20"". [Learning strategy] ""the central server combines all the data from all users ... and then trains a machine learning model using the combined data"". [Results] ""centralized learning had also a good performance with an average accuracy of 0.9355"".
[Dataset/Features] ""The data came from 15 participants"" and ""the classification problem was binary (stress and non-stress)""; the smartwatch data included ""skin temperature"", ""accelerometers"", ""electrodermal activity"", and ""blood volume pulse""; signals were segmented by ""a 60-second sliding window with a sliding step of 0.25 s"". [Evaluation] ""each data set is divided into two parts: training and testing data with a split ratio of 80:20"". [Learning strategy] ""the machine learning model is trained locally on each user’s device"" and ""the central server can combine all the models"". [Results] ""federated learning had a relatively mediocre performance ... average accuracy of 0.8575"".
[Dataset/Features] ""The data came from 15 participants"" and ""the classification problem was binary (stress and non-stress)""; the smartwatch data included ""skin temperature"", ""accelerometers"", ""electrodermal activity"", and ""blood volume pulse""; signals were segmented by ""a 60-second sliding window with a sliding step of 0.25 s"". [Evaluation] ""each data set is divided into two parts: training and testing data with a split ratio of 80:20"". [Learning strategy] ""each user had their own model"" trained ""using their own data"". [Results] ""individual learning ... obtaining an almost perfect performance with an average accuracy of 0.9998"".",§2.1 Dataset; §§2.2–2.4 Features/Learning Strategies/Evaluation; §3 Results (OA published full text)
W034,10.3390/jpm12101584,"Comparative Analysis between Individual, Centralized, and Federated Learning for Smartwatch Based Stress Detection",split_type,subject_dependent,"[Dataset/Features] ""The data came from 15 participants"" and ""the classification problem was binary (stress and non-stress)""; the smartwatch data included ""skin temperature"", ""accelerometers"", ""electrodermal activity"", and ""blood volume pulse""; signals were segmented by ""a 60-second sliding window with a sliding step of 0.25 s"". [Evaluation] ""each data set is divided into two parts: training and testing data with a split ratio of 80:20"". [Learning strategy] ""the central server combines all the data from all users ... and then trains a machine learning model using the combined data"". [Results] ""centralized learning had also a good performance with an average accuracy of 0.9355"".
[Dataset/Features] ""The data came from 15 participants"" and ""the classification problem was binary (stress and non-stress)""; the smartwatch data included ""skin temperature"", ""accelerometers"", ""electrodermal activity"", and ""blood volume pulse""; signals were segmented by ""a 60-second sliding window with a sliding step of 0.25 s"". [Evaluation] ""each data set is divided into two parts: training and testing data with a split ratio of 80:20"". [Learning strategy] ""the machine learning model is trained locally on each user’s device"" and ""the central server can combine all the models"". [Results] ""federated learning had a relatively mediocre performance ... average accuracy of 0.8575"".
[Dataset/Features] ""The data came from 15 participants"" and ""the classification problem was binary (stress and non-stress)""; the smartwatch data included ""skin temperature"", ""accelerometers"", ""electrodermal activity"", and ""blood volume pulse""; signals were segmented by ""a 60-second sliding window with a sliding step of 0.25 s"". [Evaluation] ""each data set is divided into two parts: training and testing data with a split ratio of 80:20"". [Learning strategy] ""each user had their own model"" trained ""using their own data"". [Results] ""individual learning ... obtaining an almost perfect performance with an average accuracy of 0.9998"".",§2.1 Dataset; §§2.2–2.4 Features/Learning Strategies/Evaluation; §3 Results (OA published full text)
W034,10.3390/jpm12101584,"Comparative Analysis between Individual, Centralized, and Federated Learning for Smartwatch Based Stress Detection",metric_aggregation,mean_over_subjects,"[Dataset/Features] ""The data came from 15 participants"" and ""the classification problem was binary (stress and non-stress)""; the smartwatch data included ""skin temperature"", ""accelerometers"", ""electrodermal activity"", and ""blood volume pulse""; signals were segmented by ""a 60-second sliding window with a sliding step of 0.25 s"". [Evaluation] ""each data set is divided into two parts: training and testing data with a split ratio of 80:20"". [Learning strategy] ""the central server combines all the data from all users ... and then trains a machine learning model using the combined data"". [Results] ""centralized learning had also a good performance with an average accuracy of 0.9355"".
[Dataset/Features] ""The data came from 15 participants"" and ""the classification problem was binary (stress and non-stress)""; the smartwatch data included ""skin temperature"", ""accelerometers"", ""electrodermal activity"", and ""blood volume pulse""; signals were segmented by ""a 60-second sliding window with a sliding step of 0.25 s"". [Evaluation] ""each data set is divided into two parts: training and testing data with a split ratio of 80:20"". [Learning strategy] ""the machine learning model is trained locally on each user’s device"" and ""the central server can combine all the models"". [Results] ""federated learning had a relatively mediocre performance ... average accuracy of 0.8575"".
[Dataset/Features] ""The data came from 15 participants"" and ""the classification problem was binary (stress and non-stress)""; the smartwatch data included ""skin temperature"", ""accelerometers"", ""electrodermal activity"", and ""blood volume pulse""; signals were segmented by ""a 60-second sliding window with a sliding step of 0.25 s"". [Evaluation] ""each data set is divided into two parts: training and testing data with a split ratio of 80:20"". [Learning strategy] ""each user had their own model"" trained ""using their own data"". [Results] ""individual learning ... obtaining an almost perfect performance with an average accuracy of 0.9998"".",§2.1 Dataset; §§2.2–2.4 Features/Learning Strategies/Evaluation; §3 Results (OA published full text)
W035,10.1109/tim.2024.3500058,Emotion Classification Through Optimal Segments of EDA and Texture Analysis of Time-Encoded Images With Artificial Intelligence,window_overlap_pct,50,"[window_overlap_pct] ""Within each segment, the signal was divided into nine overlapping windows, with each window covering 20% (or 1/5th) of the total signal segment length and overlapping the previous one by 50% (as indicated by the dotted blue line in Fig. 1)""; [split_type,split_detail] ""We used a stratified tenfold cross-validation approach to ensure a balanced distribution of samples from each emotion category within every fold, thereby mitigating potential biases in the classification process. In each iteration, ninefolds were used to train the ML models, while the remaining fold served as the test set. This procedure was repeated ten times, ensuring that each fold was used as the test set exactly once.""; [n_subjects_used] ""A group of 15 subjects underwent a structured study protocol to induce three distinct affective states: neutral, stress, and amusement in a controlled laboratory setting.""; [modalities,resampling_applied] ""The EDA signals from two datasets were uniformly downsampled to 20 Hz, as these sig- nals were recorded at different sampling frequencies: 1000 Hz for CASE and 700 Hz for WESAD.""; [model_family,feature_type] ""Afterward, both the entire set of extracted features and the features selected by RFECV were fed separately into classifiers, namely LR, RF, XGB, and MLP, to accurately identify the distinct categories of emotions.""; [task_n_classes,class_definition] ""3) Three-Class Emotion Classification: For the three-class emotion classification using the WESAD dataset, there were 405 samples evenly distributed among the classes: amusement (135), neutral (135), and stress (135).""; [metric_name] ""We evaluated ML models using default hyperparame- ters [60], and a comprehensive assessment of the ML models’ performance was conducted using two widely used per- formance metrics, including accuracy and F1-score [11].""",§III-A Datasets (PDF p. 3); §III-C Preprocessing (PDF p. 4); §III-D Segmentation (PDF p. 4); §III-H (PDF p. 7); §III-H Machine Learning (PDF p. 7)
W035,10.1109/tim.2024.3500058,Emotion Classification Through Optimal Segments of EDA and Texture Analysis of Time-Encoded Images With Artificial Intelligence,split_type,kfold_ungrouped,"[window_overlap_pct] ""Within each segment, the signal was divided into nine overlapping windows, with each window covering 20% (or 1/5th) of the total signal segment length and overlapping the previous one by 50% (as indicated by the dotted blue line in Fig. 1)""; [split_type,split_detail] ""We used a stratified tenfold cross-validation approach to ensure a balanced distribution of samples from each emotion category within every fold, thereby mitigating potential biases in the classification process. In each iteration, ninefolds were used to train the ML models, while the remaining fold served as the test set. This procedure was repeated ten times, ensuring that each fold was used as the test set exactly once.""; [n_subjects_used] ""A group of 15 subjects underwent a structured study protocol to induce three distinct affective states: neutral, stress, and amusement in a controlled laboratory setting.""; [modalities,resampling_applied] ""The EDA signals from two datasets were uniformly downsampled to 20 Hz, as these sig- nals were recorded at different sampling frequencies: 1000 Hz for CASE and 700 Hz for WESAD.""; [model_family,feature_type] ""Afterward, both the entire set of extracted features and the features selected by RFECV were fed separately into classifiers, namely LR, RF, XGB, and MLP, to accurately identify the distinct categories of emotions.""; [task_n_classes,class_definition] ""3) Three-Class Emotion Classification: For the three-class emotion classification using the WESAD dataset, there were 405 samples evenly distributed among the classes: amusement (135), neutral (135), and stress (135).""; [metric_name] ""We evaluated ML models using default hyperparame- ters [60], and a comprehensive assessment of the ML models’ performance was conducted using two widely used per- formance metrics, including accuracy and F1-score [11].""",§III-A Datasets (PDF p. 3); §III-C Preprocessing (PDF p. 4); §III-D Segmentation (PDF p. 4); §III-H (PDF p. 7); §III-H Machine Learning (PDF p. 7)
W037,10.1109/is48319.2020.9199928,User Independent Human Stress Detection,window_seconds,60,"[split_type,split_detail] ""To ensure the UI of the model, the data is split in such a way that data of N users are used for training and that of M users are used for testing, where N +M is the total number of users in the dataset. Various {N,M} splits were considered, and different combinations of users for training and testing were evaluated for each split.""; [window_seconds,feature_type] ""In this work, T = 60 seconds was considered. For each segment T, the mean (Fµ), the maximum (Fmax), the minimum (Fmin) and the standard deviation (Fσ) are obtained from the features extracted (F).""; [model_family] ""The authors decided to use non- linear (NL) classiﬁer models namely, Random Forest (RF), Extra-Trees (ET), Decision Tree (DT) and Gradient Boosting Decision Tree (GBDT) due to the non-linearity observed upon close inspection of the features.""; [sensor_location,modalities] ""The Wearable Stress and Affect Detection (WESAD) dataset [17] contains physiological (ECG, EDA, EMG, Respiration and Temperature) and motion (Acceleration) sensor data, recorded from the RespiBAN (chest-worn) and Empatica E4 (wrist-worn) devices as seen in Table I.""",§III Dataset (PDF p. 2); §IV-B Temporal Segmentation (PDF p. 2); §V Methodology (PDF p. 3)
W037,10.1109/is48319.2020.9199928,User Independent Human Stress Detection,split_type,fixed_subject_holdout,"[split_type,split_detail] ""To ensure the UI of the model, the data is split in such a way that data of N users are used for training and that of M users are used for testing, where N +M is the total number of users in the dataset. Various {N,M} splits were considered, and different combinations of users for training and testing were evaluated for each split.""; [window_seconds,feature_type] ""In this work, T = 60 seconds was considered. For each segment T, the mean (Fµ), the maximum (Fmax), the minimum (Fmin) and the standard deviation (Fσ) are obtained from the features extracted (F).""; [model_family] ""The authors decided to use non- linear (NL) classiﬁer models namely, Random Forest (RF), Extra-Trees (ET), Decision Tree (DT) and Gradient Boosting Decision Tree (GBDT) due to the non-linearity observed upon close inspection of the features.""; [sensor_location,modalities] ""The Wearable Stress and Affect Detection (WESAD) dataset [17] contains physiological (ECG, EDA, EMG, Respiration and Temperature) and motion (Acceleration) sensor data, recorded from the RespiBAN (chest-worn) and Empatica E4 (wrist-worn) devices as seen in Table I.""",§III Dataset (PDF p. 2); §IV-B Temporal Segmentation (PDF p. 2); §V Methodology (PDF p. 3)
W038,10.1016/j.procs.2024.09.355,Deep Neural Network Based for Stress Detection,window_seconds,5,"[window_seconds,task_n_classes,class_definition] ""The data from each sensor were segmented into 5-second windows, forming the inputs for the DNN simultaneously across all sensors. The DNN was structured to conduct binary classification, discerning between stressed and non-stressed states, or to perform a three-class classification by distinguishing between baseline, stressed, and amused states.""; [split_type,split_detail] ""The dataset, comprising a comprehensive array of stress-related data points, was subjected to a random scrambling process. Subsequently, the dataset was partitioned into training and testing subsets, maintaining a 7 to 3 ratio between the two.""; [n_subjects_used] ""In their experiments, 15 human participants were exposed to baseline, amused, and stressed conditions.""; [metric_name] ""The key metrics used to compare the deep neural networks in the two-class and three-class scenarios were accuracy and F1 score for each approach.""; [modalities,feature_type,model_family] ""These sensors encompass the electrocardiogram, electrodermal activity, electromyography, respiratory rate, and skin temperature sensors, which gauge physiological metrics, along with the 3-axis ACC sensor for measuring three-dimensional body movement data.""; [model_family,sensor_location] ""This particular DNN was crafted to receive and analyze physiological signals from six sensors affixed to the human chest.""",§3 Methodology (PDF p. 4); §3 Methodology (PDF p. 5)
W038,10.1016/j.procs.2024.09.355,Deep Neural Network Based for Stress Detection,split_type,random_sample,"[window_seconds,task_n_classes,class_definition] ""The data from each sensor were segmented into 5-second windows, forming the inputs for the DNN simultaneously across all sensors. The DNN was structured to conduct binary classification, discerning between stressed and non-stressed states, or to perform a three-class classification by distinguishing between baseline, stressed, and amused states.""; [split_type,split_detail] ""The dataset, comprising a comprehensive array of stress-related data points, was subjected to a random scrambling process. Subsequently, the dataset was partitioned into training and testing subsets, maintaining a 7 to 3 ratio between the two.""; [n_subjects_used] ""In their experiments, 15 human participants were exposed to baseline, amused, and stressed conditions.""; [metric_name] ""The key metrics used to compare the deep neural networks in the two-class and three-class scenarios were accuracy and F1 score for each approach.""; [modalities,feature_type,model_family] ""These sensors encompass the electrocardiogram, electrodermal activity, electromyography, respiratory rate, and skin temperature sensors, which gauge physiological metrics, along with the 3-axis ACC sensor for measuring three-dimensional body movement data.""; [model_family,sensor_location] ""This particular DNN was crafted to receive and analyze physiological signals from six sensors affixed to the human chest.""",§3 Methodology (PDF p. 4); §3 Methodology (PDF p. 5)
W039,10.1109/dcoss54816.2022.00019,SELF-CARE: Selective Fusion with Context-Aware Low-Power Edge Computing for Stress Detection,window_seconds,60,"[split_type] ""for each round of leave-one-subject-out (LOSO) validation, only training data is used to generate gating labels.""; [window_seconds,hop_seconds] ""The ﬁltered signals are segmented by a window of 60 seconds of data with a sliding length of 5 seconds following [7].""; [modalities,sensor_location] ""Our proposed method performs stress classiﬁcation given sensor measurements from four wrist sensing modalities: tri- axis accelerometer (ACC), blood volume pulse (BVP), elec- trodermal activity (EDA), skin temperature (TEMP).""; [model_family] ""Each branch is evaluated on ﬁve different machine learning clas- siﬁers — Decision Tree (DT), Random Forest (RF), Ad- aBoost (AB), Linear Discriminant Analysis (LDA), K- Nearest Neighbor (KNN).""; [n_subjects_used] ""The dataset contains data for a total of 15 subjects from both chest (RespiBAN) and wrist (Empatica E4) worn sensors.""; [task_n_classes] ""For our 3-class (2-class) classiﬁcation problem we set δ = 0.4 (δ = 0.1).""",§II Methodology (PDF p. 2); §II-B3 Performance-Energy Trade-off (PDF p. 2); §II-C Branch Classifiers (PDF p. 2); §III-A Dataset Evaluation Metrics (PDF p. 3)
W039,10.1109/dcoss54816.2022.00019,SELF-CARE: Selective Fusion with Context-Aware Low-Power Edge Computing for Stress Detection,hop_seconds,5,"[split_type] ""for each round of leave-one-subject-out (LOSO) validation, only training data is used to generate gating labels.""; [window_seconds,hop_seconds] ""The ﬁltered signals are segmented by a window of 60 seconds of data with a sliding length of 5 seconds following [7].""; [modalities,sensor_location] ""Our proposed method performs stress classiﬁcation given sensor measurements from four wrist sensing modalities: tri- axis accelerometer (ACC), blood volume pulse (BVP), elec- trodermal activity (EDA), skin temperature (TEMP).""; [model_family] ""Each branch is evaluated on ﬁve different machine learning clas- siﬁers — Decision Tree (DT), Random Forest (RF), Ad- aBoost (AB), Linear Discriminant Analysis (LDA), K- Nearest Neighbor (KNN).""; [n_subjects_used] ""The dataset contains data for a total of 15 subjects from both chest (RespiBAN) and wrist (Empatica E4) worn sensors.""; [task_n_classes] ""For our 3-class (2-class) classiﬁcation problem we set δ = 0.4 (δ = 0.1).""",§II Methodology (PDF p. 2); §II-B3 Performance-Energy Trade-off (PDF p. 2); §II-C Branch Classifiers (PDF p. 2); §III-A Dataset Evaluation Metrics (PDF p. 3)
W039,10.1109/dcoss54816.2022.00019,SELF-CARE: Selective Fusion with Context-Aware Low-Power Edge Computing for Stress Detection,split_type,loso,"[split_type] ""for each round of leave-one-subject-out (LOSO) validation, only training data is used to generate gating labels.""; [window_seconds,hop_seconds] ""The ﬁltered signals are segmented by a window of 60 seconds of data with a sliding length of 5 seconds following [7].""; [modalities,sensor_location] ""Our proposed method performs stress classiﬁcation given sensor measurements from four wrist sensing modalities: tri- axis accelerometer (ACC), blood volume pulse (BVP), elec- trodermal activity (EDA), skin temperature (TEMP).""; [model_family] ""Each branch is evaluated on ﬁve different machine learning clas- siﬁers — Decision Tree (DT), Random Forest (RF), Ad- aBoost (AB), Linear Discriminant Analysis (LDA), K- Nearest Neighbor (KNN).""; [n_subjects_used] ""The dataset contains data for a total of 15 subjects from both chest (RespiBAN) and wrist (Empatica E4) worn sensors.""; [task_n_classes] ""For our 3-class (2-class) classiﬁcation problem we set δ = 0.4 (δ = 0.1).""",§II Methodology (PDF p. 2); §II-B3 Performance-Energy Trade-off (PDF p. 2); §II-C Branch Classifiers (PDF p. 2); §III-A Dataset Evaluation Metrics (PDF p. 3)
W041,10.3390/technologies13090411,Physiologically Explainable Ensemble Framework for Stress Classification via Respiratory Signals,window_seconds,60,"[Dataset §§2–3] WESAD includes ""15 subjects""; the study uses ""respiratory signals from the chest-band sensor"" and extracts ""Sixteen features from three categories"" covering rhythm, depth, and nonlinear dynamics; ""Baseline and amusement states were merged into a unified normal state"" for a ""3-class framework (stress/normal/meditation)"". [Methods §3.2] ""non-overlapping one-minute windows"" were used. [Methods §3.4] ""SMOTE was applied""; ""the training set comprised class-balanced data from 14 subjects; the test set consisted of the remaining subjects’ data""; ""After testing all 15 subjects, the average performance ... was taken as the final result."" [Results/Conclusion] ""The stacking ensemble model achieved a LOSO cross-validation accuracy of 92.33% on the WESAD dataset.""","§2 Dataset; §§3.2, 3.4 Materials and Methods; §6 Conclusions (OA published full text)"
W041,10.3390/technologies13090411,Physiologically Explainable Ensemble Framework for Stress Classification via Respiratory Signals,split_type,loso,"[Dataset §§2–3] WESAD includes ""15 subjects""; the study uses ""respiratory signals from the chest-band sensor"" and extracts ""Sixteen features from three categories"" covering rhythm, depth, and nonlinear dynamics; ""Baseline and amusement states were merged into a unified normal state"" for a ""3-class framework (stress/normal/meditation)"". [Methods §3.2] ""non-overlapping one-minute windows"" were used. [Methods §3.4] ""SMOTE was applied""; ""the training set comprised class-balanced data from 14 subjects; the test set consisted of the remaining subjects’ data""; ""After testing all 15 subjects, the average performance ... was taken as the final result."" [Results/Conclusion] ""The stacking ensemble model achieved a LOSO cross-validation accuracy of 92.33% on the WESAD dataset.""","§2 Dataset; §§3.2, 3.4 Materials and Methods; §6 Conclusions (OA published full text)"
W041,10.3390/technologies13090411,Physiologically Explainable Ensemble Framework for Stress Classification via Respiratory Signals,metric_aggregation,mean_over_subjects,"[Dataset §§2–3] WESAD includes ""15 subjects""; the study uses ""respiratory signals from the chest-band sensor"" and extracts ""Sixteen features from three categories"" covering rhythm, depth, and nonlinear dynamics; ""Baseline and amusement states were merged into a unified normal state"" for a ""3-class framework (stress/normal/meditation)"". [Methods §3.2] ""non-overlapping one-minute windows"" were used. [Methods §3.4] ""SMOTE was applied""; ""the training set comprised class-balanced data from 14 subjects; the test set consisted of the remaining subjects’ data""; ""After testing all 15 subjects, the average performance ... was taken as the final result."" [Results/Conclusion] ""The stacking ensemble model achieved a LOSO cross-validation accuracy of 92.33% on the WESAD dataset.""","§2 Dataset; §§3.2, 3.4 Materials and Methods; §6 Conclusions (OA published full text)"
W041,10.3390/technologies13090411,Physiologically Explainable Ensemble Framework for Stress Classification via Respiratory Signals,normalization_source,subject across-state baseline,"[Dataset §§2–3] WESAD includes ""15 subjects""; the study uses ""respiratory signals from the chest-band sensor"" and extracts ""Sixteen features from three categories"" covering rhythm, depth, and nonlinear dynamics; ""Baseline and amusement states were merged into a unified normal state"" for a ""3-class framework (stress/normal/meditation)"". [Methods §3.2] ""non-overlapping one-minute windows"" were used. [Methods §3.4] ""SMOTE was applied""; ""the training set comprised class-balanced data from 14 subjects; the test set consisted of the remaining subjects’ data""; ""After testing all 15 subjects, the average performance ... was taken as the final result."" [Results/Conclusion] ""The stacking ensemble model achieved a LOSO cross-validation accuracy of 92.33% on the WESAD dataset.""","§2 Dataset; §§3.2, 3.4 Materials and Methods; §6 Conclusions (OA published full text)"
W041,10.3390/technologies13090411,Physiologically Explainable Ensemble Framework for Stress Classification via Respiratory Signals,evaluated_user_stats,Y,"[Dataset §§2–3] WESAD includes ""15 subjects""; the study uses ""respiratory signals from the chest-band sensor"" and extracts ""Sixteen features from three categories"" covering rhythm, depth, and nonlinear dynamics; ""Baseline and amusement states were merged into a unified normal state"" for a ""3-class framework (stress/normal/meditation)"". [Methods §3.2] ""non-overlapping one-minute windows"" were used. [Methods §3.4] ""SMOTE was applied""; ""the training set comprised class-balanced data from 14 subjects; the test set consisted of the remaining subjects’ data""; ""After testing all 15 subjects, the average performance ... was taken as the final result."" [Results/Conclusion] ""The stacking ensemble model achieved a LOSO cross-validation accuracy of 92.33% on the WESAD dataset.""","§2 Dataset; §§3.2, 3.4 Materials and Methods; §6 Conclusions (OA published full text)"
W043,10.1109/bhi50953.2021.9508611,EMoCy: Towards Physiological Signals-Based Stress Detection,window_seconds,60,"[split_type,metric_aggregation] ""All the results are computed using Leave- One-Subject-Out (LOSO) cross-validation, i.e. the data of each subject constitute a fold; every model score is the average of the scores obtained on the different folds.""; [window_seconds,hop_seconds,window_overlap_pct] ""using the same experimental settings: their best results are achieved using 60s windows with 0.25s window shift (99.5% overlap).""; [modalities] ""Among the signals available in WESAD, we have selected BVP, EDA, and RESP.""; [metric_name] ""We use accuracy and F1 score as evaluation metrics.""; [task_n_classes,class_definition] ""To validate our pipeline, we have conducted several ex- periments on WESAD, discriminating between stress and baseline states.""",§III-A Signals Selection and Preprocessing (PDF p. 2); §III-C Classification (PDF p. 3); §IV Experimental Results: benchmark setup (PDF p. 3); §IV Experimental Results: setup (PDF p. 3)
W043,10.1109/bhi50953.2021.9508611,EMoCy: Towards Physiological Signals-Based Stress Detection,hop_seconds,0.25,"[split_type,metric_aggregation] ""All the results are computed using Leave- One-Subject-Out (LOSO) cross-validation, i.e. the data of each subject constitute a fold; every model score is the average of the scores obtained on the different folds.""; [window_seconds,hop_seconds,window_overlap_pct] ""using the same experimental settings: their best results are achieved using 60s windows with 0.25s window shift (99.5% overlap).""; [modalities] ""Among the signals available in WESAD, we have selected BVP, EDA, and RESP.""; [metric_name] ""We use accuracy and F1 score as evaluation metrics.""; [task_n_classes,class_definition] ""To validate our pipeline, we have conducted several ex- periments on WESAD, discriminating between stress and baseline states.""",§III-A Signals Selection and Preprocessing (PDF p. 2); §III-C Classification (PDF p. 3); §IV Experimental Results: benchmark setup (PDF p. 3); §IV Experimental Results: setup (PDF p. 3)
W043,10.1109/bhi50953.2021.9508611,EMoCy: Towards Physiological Signals-Based Stress Detection,window_overlap_pct,99.5,"[split_type,metric_aggregation] ""All the results are computed using Leave- One-Subject-Out (LOSO) cross-validation, i.e. the data of each subject constitute a fold; every model score is the average of the scores obtained on the different folds.""; [window_seconds,hop_seconds,window_overlap_pct] ""using the same experimental settings: their best results are achieved using 60s windows with 0.25s window shift (99.5% overlap).""; [modalities] ""Among the signals available in WESAD, we have selected BVP, EDA, and RESP.""; [metric_name] ""We use accuracy and F1 score as evaluation metrics.""; [task_n_classes,class_definition] ""To validate our pipeline, we have conducted several ex- periments on WESAD, discriminating between stress and baseline states.""",§III-A Signals Selection and Preprocessing (PDF p. 2); §III-C Classification (PDF p. 3); §IV Experimental Results: benchmark setup (PDF p. 3); §IV Experimental Results: setup (PDF p. 3)
W043,10.1109/bhi50953.2021.9508611,EMoCy: Towards Physiological Signals-Based Stress Detection,split_type,loso,"[split_type,metric_aggregation] ""All the results are computed using Leave- One-Subject-Out (LOSO) cross-validation, i.e. the data of each subject constitute a fold; every model score is the average of the scores obtained on the different folds.""; [window_seconds,hop_seconds,window_overlap_pct] ""using the same experimental settings: their best results are achieved using 60s windows with 0.25s window shift (99.5% overlap).""; [modalities] ""Among the signals available in WESAD, we have selected BVP, EDA, and RESP.""; [metric_name] ""We use accuracy and F1 score as evaluation metrics.""; [task_n_classes,class_definition] ""To validate our pipeline, we have conducted several ex- periments on WESAD, discriminating between stress and baseline states.""",§III-A Signals Selection and Preprocessing (PDF p. 2); §III-C Classification (PDF p. 3); §IV Experimental Results: benchmark setup (PDF p. 3); §IV Experimental Results: setup (PDF p. 3)
W043,10.1109/bhi50953.2021.9508611,EMoCy: Towards Physiological Signals-Based Stress Detection,metric_aggregation,mean across held-out subject folds,"[split_type,metric_aggregation] ""All the results are computed using Leave- One-Subject-Out (LOSO) cross-validation, i.e. the data of each subject constitute a fold; every model score is the average of the scores obtained on the different folds.""; [window_seconds,hop_seconds,window_overlap_pct] ""using the same experimental settings: their best results are achieved using 60s windows with 0.25s window shift (99.5% overlap).""; [modalities] ""Among the signals available in WESAD, we have selected BVP, EDA, and RESP.""; [metric_name] ""We use accuracy and F1 score as evaluation metrics.""; [task_n_classes,class_definition] ""To validate our pipeline, we have conducted several ex- periments on WESAD, discriminating between stress and baseline states.""",§III-A Signals Selection and Preprocessing (PDF p. 2); §III-C Classification (PDF p. 3); §IV Experimental Results: benchmark setup (PDF p. 3); §IV Experimental Results: setup (PDF p. 3)
W047,10.3390/s23115220,Global Stress Detection Framework Combining a Reduced Set of HRV Features and Random Forest Model,split_type,subject_dependent,"[Abstract] the model uses ""eight HRV features with a random forest (RF) algorithm"" and ""the training of the RF model contains instances of all subjects"" while performance is ""evaluated for each individual""; it identifies stress events with ""an accuracy higher than 99%"". [Methods §2.1] the WESAD data come from ""15 subjects"", use ""only chest sensors"", and include ""amusement, baseline, and stress"". [Methods §2.2/§3] ""the dataset was divided into training and testing datasets using a ratio of 70/30 ... for each subject""; ""All subjects’ training data were combined"" and the model was used ""to detect stress conditions individually"".",Abstract; §§2.1–2.2 Datasets/Global Stress Model; §3 Results (OA published full text)
W048,10.3390/s23156664,Efficient Feature-Selection-Based Stacking Model for Stress Detection Based on Chest Electrodermal Activity,window_seconds,60,"[Methods §3.1] ""we generated 28 data frames from 14 subjects"" using chest data; ""we used EDA, EMG, and TEMP"" and also generated ACC and ECG features, with ""a window shift of 0.25 s"" and one-minute windows (5 s for EMG and ACC). [Methods §3.4] ""binary target values"" were created, ""SMOTE was applied"" and ""Then, we split the dataset into training validation and testing sets""; ""LR, LDA, and QDA"" and ""a stacking model based on RF, LR, LDA, and QDA"" were applied. [Results §4.1/Table 1] ""Stacking attained an accuracy of 0.997 ... and an F1-score of 0.998.""",§3.1 Dataset Preliminaries; §3.4 Feature Analysis; §4.1 Evaluation Metrics/Results (OA published full text)
W048,10.3390/s23156664,Efficient Feature-Selection-Based Stacking Model for Stress Detection Based on Chest Electrodermal Activity,hop_seconds,0.25,"[Methods §3.1] ""we generated 28 data frames from 14 subjects"" using chest data; ""we used EDA, EMG, and TEMP"" and also generated ACC and ECG features, with ""a window shift of 0.25 s"" and one-minute windows (5 s for EMG and ACC). [Methods §3.4] ""binary target values"" were created, ""SMOTE was applied"" and ""Then, we split the dataset into training validation and testing sets""; ""LR, LDA, and QDA"" and ""a stacking model based on RF, LR, LDA, and QDA"" were applied. [Results §4.1/Table 1] ""Stacking attained an accuracy of 0.997 ... and an F1-score of 0.998.""",§3.1 Dataset Preliminaries; §3.4 Feature Analysis; §4.1 Evaluation Metrics/Results (OA published full text)
W049,10.1109/icrom60803.2023.10412512,Wavelet-Based Analysis of Photoplethysmogram for Stress Detection Using Convolutional Neural Networks,window_seconds,10,"[window_seconds,hop_seconds] ""The segmentation of PPG signals was performed with window lengths of 10 seconds and strides of 1 second.""; [split_detail] ""20% of the dataset is assign to validation and 80% is used fir Training.""; [model_family,task_n_classes,class_definition,feature_type] ""CNN classifier is designed to perform binary classification on images representing stress and non-stress classes.""",§II-B Data Preprocessing (continued) (PDF p. 3); §III-B Structure of the CNN Classifier (PDF p. 3); §III-C Training Process (PDF p. 4)
W049,10.1109/icrom60803.2023.10412512,Wavelet-Based Analysis of Photoplethysmogram for Stress Detection Using Convolutional Neural Networks,hop_seconds,1,"[window_seconds,hop_seconds] ""The segmentation of PPG signals was performed with window lengths of 10 seconds and strides of 1 second.""; [split_detail] ""20% of the dataset is assign to validation and 80% is used fir Training.""; [model_family,task_n_classes,class_definition,feature_type] ""CNN classifier is designed to perform binary classification on images representing stress and non-stress classes.""",§II-B Data Preprocessing (continued) (PDF p. 3); §III-B Structure of the CNN Classifier (PDF p. 3); §III-C Training Process (PDF p. 4)
W050,10.1109/icrom57054.2022.10025071,Stress Assessment with Convolutional Neural Network Using PPG Signals,split_type,subject_dependent,"[Methods] ""The CNN will be trained by only one person’s PPG and therefore we want to classify each person’s stress separately. for this purpose, we consider 40% of each person’s PPG for training and the remaining for test."" ""Finally, all 15 subjects were investigated."" [Results] ""The WESAD dataset. The simulated results showed an accuracy of 96.7% to distinguish whether the subject is under stress or does not have any stress.""",Methods §V; Results
W052,10.1109/metroind4.0iot57462.2023.10180143,Affective state classification using timing-related features from short windowed PPG signal,window_seconds,10,"[window_seconds,window_overlap_pct] ""the filtered PPG signal was split into 10 seconds windows with 3 seconds overlap between windows to further increase the number of samples. The window length was chosen as described to extract the highest number of windows from the entire signal, maintaining the time information of the signal within the single window. A small overlap value ensures independence between samples and a better generalization of the model during the affective state prediction. On the contrary, a long overlap can lead to similarity between samples. In this study, a 30% overlap was chosen being the best compromise""; [normalization,normalization_source,evaluated_recording_stats] ""Each window was normalized using the z-score normalization. This resulted in a signal having the same normal distribution with zero mean and unit standard deviation between windows and subjects.""; [split_type,n_train_subjects,n_test_subjects] ""The dataset was randomly split into 70% for training and 30% for testing based on the number of subjects. Therefore, 11 subjects were used for the training and the remaining 4 subjects were considered for the testing phase.""; [metric_aggregation] ""The performance of the model was then evaluated on the test data considering the subjects both individually and merged, in order to assess the model performance in the different scenarios.""; [feature_type,modalities] ""17 timing-related features were extracted from the signal, which were then used to classify the affective state and are reported in TABLE I.""; [model_family] ""The classification of emotional state, based on features extracted from 10 seconds PPG window, was performed using the k-Nearest Neighbor (k-NN) and the Support Vector Machine (SVM) classifiers as they proved to be simple and fast and were also already used in other studies [17], [22].""; [modalities] ""The classification of emotional state, based on features extracted from 10 seconds PPG window, was performed using the k-Nearest Neighbor (k-NN) and the Support Vector Machine (SVM) classifiers as they proved to be simple and fast and were also already used in other studies [17], [22].""",§III-A Data preprocessing (PDF p. 2); §III-B Features Extraction (PDF p. 3); §III-C1 Training and testing data (PDF p. 3); §III-C3 Classification Algorithms (PDF p. 4); §III-C3 Classification algorithms (PDF p. 4)
W052,10.1109/metroind4.0iot57462.2023.10180143,Affective state classification using timing-related features from short windowed PPG signal,window_overlap_pct,30,"[window_seconds,window_overlap_pct] ""the filtered PPG signal was split into 10 seconds windows with 3 seconds overlap between windows to further increase the number of samples. The window length was chosen as described to extract the highest number of windows from the entire signal, maintaining the time information of the signal within the single window. A small overlap value ensures independence between samples and a better generalization of the model during the affective state prediction. On the contrary, a long overlap can lead to similarity between samples. In this study, a 30% overlap was chosen being the best compromise""; [normalization,normalization_source,evaluated_recording_stats] ""Each window was normalized using the z-score normalization. This resulted in a signal having the same normal distribution with zero mean and unit standard deviation between windows and subjects.""; [split_type,n_train_subjects,n_test_subjects] ""The dataset was randomly split into 70% for training and 30% for testing based on the number of subjects. Therefore, 11 subjects were used for the training and the remaining 4 subjects were considered for the testing phase.""; [metric_aggregation] ""The performance of the model was then evaluated on the test data considering the subjects both individually and merged, in order to assess the model performance in the different scenarios.""; [feature_type,modalities] ""17 timing-related features were extracted from the signal, which were then used to classify the affective state and are reported in TABLE I.""; [model_family] ""The classification of emotional state, based on features extracted from 10 seconds PPG window, was performed using the k-Nearest Neighbor (k-NN) and the Support Vector Machine (SVM) classifiers as they proved to be simple and fast and were also already used in other studies [17], [22].""; [modalities] ""The classification of emotional state, based on features extracted from 10 seconds PPG window, was performed using the k-Nearest Neighbor (k-NN) and the Support Vector Machine (SVM) classifiers as they proved to be simple and fast and were also already used in other studies [17], [22].""",§III-A Data preprocessing (PDF p. 2); §III-B Features Extraction (PDF p. 3); §III-C1 Training and testing data (PDF p. 3); §III-C3 Classification Algorithms (PDF p. 4); §III-C3 Classification algorithms (PDF p. 4)
W052,10.1109/metroind4.0iot57462.2023.10180143,Affective state classification using timing-related features from short windowed PPG signal,split_type,fixed_subject_holdout,"[window_seconds,window_overlap_pct] ""the filtered PPG signal was split into 10 seconds windows with 3 seconds overlap between windows to further increase the number of samples. The window length was chosen as described to extract the highest number of windows from the entire signal, maintaining the time information of the signal within the single window. A small overlap value ensures independence between samples and a better generalization of the model during the affective state prediction. On the contrary, a long overlap can lead to similarity between samples. In this study, a 30% overlap was chosen being the best compromise""; [normalization,normalization_source,evaluated_recording_stats] ""Each window was normalized using the z-score normalization. This resulted in a signal having the same normal distribution with zero mean and unit standard deviation between windows and subjects.""; [split_type,n_train_subjects,n_test_subjects] ""The dataset was randomly split into 70% for training and 30% for testing based on the number of subjects. Therefore, 11 subjects were used for the training and the remaining 4 subjects were considered for the testing phase.""; [metric_aggregation] ""The performance of the model was then evaluated on the test data considering the subjects both individually and merged, in order to assess the model performance in the different scenarios.""; [feature_type,modalities] ""17 timing-related features were extracted from the signal, which were then used to classify the affective state and are reported in TABLE I.""; [model_family] ""The classification of emotional state, based on features extracted from 10 seconds PPG window, was performed using the k-Nearest Neighbor (k-NN) and the Support Vector Machine (SVM) classifiers as they proved to be simple and fast and were also already used in other studies [17], [22].""; [modalities] ""The classification of emotional state, based on features extracted from 10 seconds PPG window, was performed using the k-Nearest Neighbor (k-NN) and the Support Vector Machine (SVM) classifiers as they proved to be simple and fast and were also already used in other studies [17], [22].""",§III-A Data preprocessing (PDF p. 2); §III-B Features Extraction (PDF p. 3); §III-C1 Training and testing data (PDF p. 3); §III-C3 Classification Algorithms (PDF p. 4); §III-C3 Classification algorithms (PDF p. 4)
W052,10.1109/metroind4.0iot57462.2023.10180143,Affective state classification using timing-related features from short windowed PPG signal,metric_aggregation,individual subjects and pooled test subjects,"[window_seconds,window_overlap_pct] ""the filtered PPG signal was split into 10 seconds windows with 3 seconds overlap between windows to further increase the number of samples. The window length was chosen as described to extract the highest number of windows from the entire signal, maintaining the time information of the signal within the single window. A small overlap value ensures independence between samples and a better generalization of the model during the affective state prediction. On the contrary, a long overlap can lead to similarity between samples. In this study, a 30% overlap was chosen being the best compromise""; [normalization,normalization_source,evaluated_recording_stats] ""Each window was normalized using the z-score normalization. This resulted in a signal having the same normal distribution with zero mean and unit standard deviation between windows and subjects.""; [split_type,n_train_subjects,n_test_subjects] ""The dataset was randomly split into 70% for training and 30% for testing based on the number of subjects. Therefore, 11 subjects were used for the training and the remaining 4 subjects were considered for the testing phase.""; [metric_aggregation] ""The performance of the model was then evaluated on the test data considering the subjects both individually and merged, in order to assess the model performance in the different scenarios.""; [feature_type,modalities] ""17 timing-related features were extracted from the signal, which were then used to classify the affective state and are reported in TABLE I.""; [model_family] ""The classification of emotional state, based on features extracted from 10 seconds PPG window, was performed using the k-Nearest Neighbor (k-NN) and the Support Vector Machine (SVM) classifiers as they proved to be simple and fast and were also already used in other studies [17], [22].""; [modalities] ""The classification of emotional state, based on features extracted from 10 seconds PPG window, was performed using the k-Nearest Neighbor (k-NN) and the Support Vector Machine (SVM) classifiers as they proved to be simple and fast and were also already used in other studies [17], [22].""",§III-A Data preprocessing (PDF p. 2); §III-B Features Extraction (PDF p. 3); §III-C1 Training and testing data (PDF p. 3); §III-C3 Classification Algorithms (PDF p. 4); §III-C3 Classification algorithms (PDF p. 4)
W052,10.1109/metroind4.0iot57462.2023.10180143,Affective state classification using timing-related features from short windowed PPG signal,normalization_source,current window,"[window_seconds,window_overlap_pct] ""the filtered PPG signal was split into 10 seconds windows with 3 seconds overlap between windows to further increase the number of samples. The window length was chosen as described to extract the highest number of windows from the entire signal, maintaining the time information of the signal within the single window. A small overlap value ensures independence between samples and a better generalization of the model during the affective state prediction. On the contrary, a long overlap can lead to similarity between samples. In this study, a 30% overlap was chosen being the best compromise""; [normalization,normalization_source,evaluated_recording_stats] ""Each window was normalized using the z-score normalization. This resulted in a signal having the same normal distribution with zero mean and unit standard deviation between windows and subjects.""; [split_type,n_train_subjects,n_test_subjects] ""The dataset was randomly split into 70% for training and 30% for testing based on the number of subjects. Therefore, 11 subjects were used for the training and the remaining 4 subjects were considered for the testing phase.""; [metric_aggregation] ""The performance of the model was then evaluated on the test data considering the subjects both individually and merged, in order to assess the model performance in the different scenarios.""; [feature_type,modalities] ""17 timing-related features were extracted from the signal, which were then used to classify the affective state and are reported in TABLE I.""; [model_family] ""The classification of emotional state, based on features extracted from 10 seconds PPG window, was performed using the k-Nearest Neighbor (k-NN) and the Support Vector Machine (SVM) classifiers as they proved to be simple and fast and were also already used in other studies [17], [22].""; [modalities] ""The classification of emotional state, based on features extracted from 10 seconds PPG window, was performed using the k-Nearest Neighbor (k-NN) and the Support Vector Machine (SVM) classifiers as they proved to be simple and fast and were also already used in other studies [17], [22].""",§III-A Data preprocessing (PDF p. 2); §III-B Features Extraction (PDF p. 3); §III-C1 Training and testing data (PDF p. 3); §III-C3 Classification Algorithms (PDF p. 4); §III-C3 Classification algorithms (PDF p. 4)
W052,10.1109/metroind4.0iot57462.2023.10180143,Affective state classification using timing-related features from short windowed PPG signal,evaluated_user_stats,Y,"[window_seconds,window_overlap_pct] ""the filtered PPG signal was split into 10 seconds windows with 3 seconds overlap between windows to further increase the number of samples. The window length was chosen as described to extract the highest number of windows from the entire signal, maintaining the time information of the signal within the single window. A small overlap value ensures independence between samples and a better generalization of the model during the affective state prediction. On the contrary, a long overlap can lead to similarity between samples. In this study, a 30% overlap was chosen being the best compromise""; [normalization,normalization_source,evaluated_recording_stats] ""Each window was normalized using the z-score normalization. This resulted in a signal having the same normal distribution with zero mean and unit standard deviation between windows and subjects.""; [split_type,n_train_subjects,n_test_subjects] ""The dataset was randomly split into 70% for training and 30% for testing based on the number of subjects. Therefore, 11 subjects were used for the training and the remaining 4 subjects were considered for the testing phase.""; [metric_aggregation] ""The performance of the model was then evaluated on the test data considering the subjects both individually and merged, in order to assess the model performance in the different scenarios.""; [feature_type,modalities] ""17 timing-related features were extracted from the signal, which were then used to classify the affective state and are reported in TABLE I.""; [model_family] ""The classification of emotional state, based on features extracted from 10 seconds PPG window, was performed using the k-Nearest Neighbor (k-NN) and the Support Vector Machine (SVM) classifiers as they proved to be simple and fast and were also already used in other studies [17], [22].""; [modalities] ""The classification of emotional state, based on features extracted from 10 seconds PPG window, was performed using the k-Nearest Neighbor (k-NN) and the Support Vector Machine (SVM) classifiers as they proved to be simple and fast and were also already used in other studies [17], [22].""",§III-A Data preprocessing (PDF p. 2); §III-B Features Extraction (PDF p. 3); §III-C1 Training and testing data (PDF p. 3); §III-C3 Classification Algorithms (PDF p. 4); §III-C3 Classification algorithms (PDF p. 4)
W053,10.1109/jsas.2025.3648684,Stress Classification From ECG Signals Using Vision Transformer,window_seconds,1,"[Methods §IV-A] ""data were collected from 17 subjects; each took part in a 2-hour section. Unfortunately, due to device malfunction, data from subject 1 and 12 were discarded""; the study used ""raw data obtained from the chest-worn ECG signal"" and the WESAD tasks were ""three affective states (Amusement, Baseline, Stress) and binary classification (Stress, No-stress)"". [Methods §III-A] the method generates spectrograms from ""one-second (1s) ECG segments"" for the ""vision transformer"". [Methods §IV-A] both datasets use ""leave-one-subject-out cross validation (LOSOCV)"" in which ""models are trained with data from all-but-one subject, and tested on the held out subject"". [Results Tables VII–VIII] the WESAD averages are ""76.7"" for three-class accuracy and ""88.3"" for binary accuracy.
[Methods §IV-A] ""data were collected from 17 subjects"" and ""subject 1 and 12 were discarded""; the study used ""raw data obtained from the chest-worn ECG signal"" and WESAD ""binary classification (Stress, No-stress)"". [Methods §III-A] the ""vision transformer"" method uses ""one-second (1s) ECG segments"". [Methods §IV-A] experiments use ""leave-one-subject-out cross validation (LOSOCV)"" and models are trained ""with data from all-but-one subject, and tested on the held out subject"". [Results Table VIII] the WESAD binary-classification average is ""88.3"" accuracy.",§III-A ECG signal to spectrogram conversion; §IV-A ECG Databases; Tables VII–VIII (arXiv:2603.26721)
W053,10.1109/jsas.2025.3648684,Stress Classification From ECG Signals Using Vision Transformer,split_type,loso,"[Methods §IV-A] ""data were collected from 17 subjects; each took part in a 2-hour section. Unfortunately, due to device malfunction, data from subject 1 and 12 were discarded""; the study used ""raw data obtained from the chest-worn ECG signal"" and the WESAD tasks were ""three affective states (Amusement, Baseline, Stress) and binary classification (Stress, No-stress)"". [Methods §III-A] the method generates spectrograms from ""one-second (1s) ECG segments"" for the ""vision transformer"". [Methods §IV-A] both datasets use ""leave-one-subject-out cross validation (LOSOCV)"" in which ""models are trained with data from all-but-one subject, and tested on the held out subject"". [Results Tables VII–VIII] the WESAD averages are ""76.7"" for three-class accuracy and ""88.3"" for binary accuracy.
[Methods §IV-A] ""data were collected from 17 subjects"" and ""subject 1 and 12 were discarded""; the study used ""raw data obtained from the chest-worn ECG signal"" and WESAD ""binary classification (Stress, No-stress)"". [Methods §III-A] the ""vision transformer"" method uses ""one-second (1s) ECG segments"". [Methods §IV-A] experiments use ""leave-one-subject-out cross validation (LOSOCV)"" and models are trained ""with data from all-but-one subject, and tested on the held out subject"". [Results Table VIII] the WESAD binary-classification average is ""88.3"" accuracy.",§III-A ECG signal to spectrogram conversion; §IV-A ECG Databases; Tables VII–VIII (arXiv:2603.26721)
W053,10.1109/jsas.2025.3648684,Stress Classification From ECG Signals Using Vision Transformer,metric_aggregation,mean_over_subjects,"[Methods §IV-A] ""data were collected from 17 subjects; each took part in a 2-hour section. Unfortunately, due to device malfunction, data from subject 1 and 12 were discarded""; the study used ""raw data obtained from the chest-worn ECG signal"" and the WESAD tasks were ""three affective states (Amusement, Baseline, Stress) and binary classification (Stress, No-stress)"". [Methods §III-A] the method generates spectrograms from ""one-second (1s) ECG segments"" for the ""vision transformer"". [Methods §IV-A] both datasets use ""leave-one-subject-out cross validation (LOSOCV)"" in which ""models are trained with data from all-but-one subject, and tested on the held out subject"". [Results Tables VII–VIII] the WESAD averages are ""76.7"" for three-class accuracy and ""88.3"" for binary accuracy.
[Methods §IV-A] ""data were collected from 17 subjects"" and ""subject 1 and 12 were discarded""; the study used ""raw data obtained from the chest-worn ECG signal"" and WESAD ""binary classification (Stress, No-stress)"". [Methods §III-A] the ""vision transformer"" method uses ""one-second (1s) ECG segments"". [Methods §IV-A] experiments use ""leave-one-subject-out cross validation (LOSOCV)"" and models are trained ""with data from all-but-one subject, and tested on the held out subject"". [Results Table VIII] the WESAD binary-classification average is ""88.3"" accuracy.",§III-A ECG signal to spectrogram conversion; §IV-A ECG Databases; Tables VII–VIII (arXiv:2603.26721)
W054,10.1016/j.bspc.2025.109208,Automated stress detection with explainable-AI transformer TabNet technique and physiological signals,window_seconds,25,"[split_type] ""the chosen cross-validation strategy LOSO-CV, as well as the rigorous hyperparameter selection process for optimal performance.""; [window_seconds,feature_type] ""The data is then used to create temporal (statistical) features using 25 s sliding widow.""; [resampling_applied] ""Moreover, the varying frequency of the datasets were then converted to 64 Hz and EDA at 4 Hz to match the Empatica E4 sampling rates.""; [model_family,task_n_classes,class_definition] ""The research involves an in-depth analysis of three AI models (i.e., TabNet, SVM and XGBoost) to classify the stress and no-stress conditions in human subjects.""; [modalities] ""from the initial HR and EDA data, we extracted newer statistical features. These resulted in 21 features along with the original HR and EDA.""",§3.1 Preprocessing (PDF p. 3); §3.4 Model Design Procedure (PDF p. 4)
W054,10.1016/j.bspc.2025.109208,Automated stress detection with explainable-AI transformer TabNet technique and physiological signals,split_type,loso,"[split_type] ""the chosen cross-validation strategy LOSO-CV, as well as the rigorous hyperparameter selection process for optimal performance.""; [window_seconds,feature_type] ""The data is then used to create temporal (statistical) features using 25 s sliding widow.""; [resampling_applied] ""Moreover, the varying frequency of the datasets were then converted to 64 Hz and EDA at 4 Hz to match the Empatica E4 sampling rates.""; [model_family,task_n_classes,class_definition] ""The research involves an in-depth analysis of three AI models (i.e., TabNet, SVM and XGBoost) to classify the stress and no-stress conditions in human subjects.""; [modalities] ""from the initial HR and EDA data, we extracted newer statistical features. These resulted in 21 features along with the original HR and EDA.""",§3.1 Preprocessing (PDF p. 3); §3.4 Model Design Procedure (PDF p. 4)
W058,10.1109/ichih63459.2024.11064910,Study of a Hybrid CNN-SVM Model for Stress Detection with Automated Heart Rate Variability Feature Extraction Method,split_type,random_sample,"[split_type,split_detail] ""the normalized data are randomly shuffled to prevent potential data order bias. The datasets are then split into training and test sets following an 8:2 ratio.""; [modalities,feature_type] ""This study focuses on ECG signal data from the selected da- tasets, with HRV parameters serving as the foundation for stress detection and classification.""; [model_family] ""The CNN-SVM [16] proposed in this paper integrates a typ- ical CNN architecture as the feature extractor and an SVM as the classifier.""",§II-C Data Process (PDF p. 2); §III-B Model Structure (PDF p. 3)
